<?xml version="1.0" encoding="US-ASCII" standalone="yes"?>
<component xmlns="http://www.wiley.com/namespaces/wiley" xml:id="eco1967" version="2.0" xmlns:wiley="http://www.wiley.com/namespaces/wiley/wiley" xml:lang="en" type="serialArticle"><?Profile NJD?>
<header>
<publicationMeta level="product">
<doi>10.1002/(ISSN)1936-0592</doi>
<issn type="print">1936-0584</issn>
<issn type="electronic">1936-0592</issn>
<idGroup>
<id type="product" value="ECO"/>
</idGroup>
<titleGroup>
<title type="main" sort="ECOHYDROLOGY">Ecohydrology</title>
<title type="short">Ecohydrology</title>
</titleGroup>
</publicationMeta>
<publicationMeta level="part">
<copyright ownership="publisher">Copyright &#x00A9; 2018 John Wiley &amp; Sons, Ltd.</copyright>
</publicationMeta>
<publicationMeta level="unit" position="10" type="article" status="forOnlineAccepted">
<doi>10.1002/eco.1967</doi>
<idGroup>
<id type="unit" value="ECO1967"/>
<id type="society" value="ECO-17-0148.R1"/>
<id type="eLocator" value="e1967"/>
</idGroup>
<countGroup>
<count type="pageTotal" number="1"/>
</countGroup>
<titleGroup>
<title type="articleCategory">RESEARCH ARTICLE</title>
<title type="tocHeading1">RESEARCH ARTICLES</title>
</titleGroup>
<copyright ownership="publisher">This article is protected by copyright. All rights reserved.</copyright>
<eventGroup>
<event type="manuscriptReceived" date="2017-08-21"/>
<event type="manuscriptRevised" date="2018-01-30"/>
<event type="manuscriptAccepted" date="2018-02-27"/>
<event type="xmlCreated" agent="SPi Global" date="2018-03-06"/>
</eventGroup>
<numberingGroup>
<numbering type="pageFirst">n/a</numbering>
<numbering type="pageLast">n/a</numbering>
</numberingGroup>
<correspondenceTo>
<lineatedText>
<line><b>Correspondence</b></line>
<line>N. Orlowski, Institute for Landscape Ecology and Resources Management (ILR), Research Centre for BioSystems, Land Use and Nutrition (iFZ), Justus Liebig University Giessen, Germany.</line>
<line>Email: <email normalForm="Natalie.Orlowski@hydrology.uni-freiburg.de">natalie.orlowski@hydrology.uni&#x2010;freiburg.de</email></line>
</lineatedText></correspondenceTo>
<selfCitationGroup>
<citation type="self" xml:id="eco1967-cit-0001"><author><familyName>Orlowski</familyName> <givenNames>N</givenNames></author>, <author><familyName>Winkler</familyName> <givenNames>A</givenNames></author>, <author><familyName>McDonnell</familyName> <givenNames>JJ</givenNames></author>, <author><familyName>Breuer</familyName> <givenNames>L</givenNames></author>. <articleTitle>A simple greenhouse experiment to explore the effect of cryogenic water extraction for tracing plant source water</articleTitle>. <journalTitle>Ecohydrology</journalTitle>. <pubYear year="2018">2018</pubYear>;<eLocator>e1967</eLocator>. <url href="https://doi.org/10.1002/eco.1967">https://doi.org/10.1002/eco.1967</url></citation>
</selfCitationGroup>
<linkGroup>
<link type="toTypesetVersion" href="file:eco1967.pdf"/>
</linkGroup>
</publicationMeta>
<contentMeta>
<countGroup>
<count type="figureTotal" number="0"/>
<count type="tableTotal" number="0"/>
<count type="wordTotal" number="400"/>
</countGroup>
<titleGroup>
<title type="main">A simple greenhouse experiment to explore the effect of cryogenic water extraction for tracing plant source water</title>
<title type="shortAuthors">Orlowski et al.</title>
</titleGroup>
<creators>
<creator creatorRole="author" xml:id="eco1967-cr-0001" affiliationRef="#eco1967-aff-0001 #eco1967-aff-0002 #eco1967-aff-0004" corresponding="yes">
<idGroup>
<id type="orcid" value="http://orcid.org/0000-0003-4368-4580"/>
</idGroup>
<personName><givenNames>N.</givenNames><familyName>Orlowski</familyName></personName>
<contactDetails><email normalForm="Natalie.Orlowski@hydrology.uni-freiburg.de">natalie.orlowski@hydrology.uni&#x2010;freiburg.de</email></contactDetails>
</creator>
<creator creatorRole="author" xml:id="eco1967-cr-0002" affiliationRef="#eco1967-aff-0001">
<personName><givenNames>A.</givenNames><familyName>Winkler</familyName></personName>
</creator>
<creator creatorRole="author" xml:id="eco1967-cr-0003" affiliationRef="#eco1967-aff-0002">
<personName><givenNames>J.J.</givenNames><familyName>McDonnell</familyName></personName>
</creator>
<creator creatorRole="author" xml:id="eco1967-cr-0004" affiliationRef="#eco1967-aff-0001 #eco1967-aff-0003">
<personName><givenNames>L.</givenNames><familyName>Breuer</familyName></personName>
</creator>
</creators>
<affiliationGroup>
<affiliation xml:id="eco1967-aff-0001" countryCode="DE" type="private">
<orgName>Institute for Landscape Ecology and Resources Management (ILR), Research Centre for BioSystems, Land Use and Nutrition (iFZ), Justus Liebig University Giessen</orgName>
<address>
<country>Germany</country>
</address>
</affiliation>
<affiliation xml:id="eco1967-aff-0002" countryCode="CA" type="private">
<orgName>Global Institute for Water Security, University of Saskatchewan</orgName>
<address>
<city>Saskatoon</city>
<country>Canada</country>
</address>
</affiliation>
<affiliation xml:id="eco1967-aff-0003" countryCode="DE" type="private">
<orgName>Centre for International Development and Environmental Research (ZEU), Justus Liebig University Giessen</orgName>
<address>
<city>Giessen</city>
<country>Germany</country>
</address>
</affiliation>
<affiliation xml:id="eco1967-aff-0004" countryCode="DE" type="private">
<orgName>Now at: Chair of Hydrology, Albert&#x2010;Ludwigs&#x2010;University of Freiburg</orgName>
<address>
<city>Freiburg</city>
<country>Germany</country>
</address>
</affiliation>
</affiliationGroup>
<keywordGroup type="author">
<keyword xml:id="eco1967-kwd-0001">soil water extraction</keyword>
<keyword xml:id="eco1967-kwd-0002">cryogenic water extraction</keyword>
<keyword xml:id="eco1967-kwd-0003">isotope fractionation effects</keyword>
<keyword xml:id="eco1967-kwd-0004">cryogenic extraction conditions</keyword>
<keyword xml:id="eco1967-kwd-0005">plant water uptake</keyword>
</keywordGroup>
<abstractGroup>
<abstract type="main" xml:lang="en">
<title type="main">Abstract</title>
<p>Stable isotopes of water (<sup>2</sup>H and <sup>18</sup>O) are useful tracers for determining root water uptake depths. In such studies, plant and soil water are extracted most commonly by cryogenic vacuum distillation. However, recent studies have suggested that cryogenic extraction conditions (extraction time, temperature, and vacuum) and soil physicochemical properties affect the isotopic composition of extracted soil water. Here, we perform a simple greenhouse trial with two plant species (<fi>Taraxacum officinale</fi> and <fi>Pelargonium spp.</fi>) in two soil types (clayey loam and sand) to test our ability to match plant water to its putative soil water source(s) by using different extraction conditions (30&#x2010;240 min, 80&#x2010;200&#x00B0;C, 0.1 Pa). We irrigated plants with water of known isotopic composition, sampled root crowns and soils at two depths, and varied the cryogenic water extraction conditions.</p>
<p>Our isotope results from the sandy soils were unaffected by cryogenic extraction conditions. In contrast, extraction parameters affected the isotope composition of waters recovered from clayey soil. This influenced the estimates of plant water sourcing, where &#x03B4;<sup>2</sup>H and &#x03B4;<sup>18</sup>O returned different results from each other. With higher extraction temperatures and longer extraction times, we gradually extracted more enriched soil water, which reflected the source water of both plant species. Our results imply that longer extraction times and temperatures for clayey soils are needed to reduce fractionation effects during the extraction procedure. Future studies should explore how these effects apply to natural clay&#x2010;rich soils as well as plant tissue isotope composition.</p>
</abstract>
</abstractGroup>
</contentMeta>
<noteGroup xml:id="eco1967-ntgp-0001">
<note xml:id="eco1967-note-0001" numbered="no">This article has been accepted for publication and undergone full peer review but has not been through the copyediting, typesetting, pagination and proofreading process, which may lead to differences between this version and the Version of Record. Please cite this article as doi: 10.1002/eco.1967</note>
</noteGroup>
</header>
</component>