<?xml version="1.0" encoding="utf-8" standalone="yes"?>
<component version="2.0" xmlns="http://www.wiley.com/namespaces/wiley" xmlns:wiley="http://www.wiley.com/namespaces/wiley/wiley" xml:lang="en" type="serialArticle" xml:id="cbin10940">
<header>
<publicationMeta level="product">
<doi origin="wiley" registered="yes">10.1002/(ISSN)1095-8355</doi>
<issn type="print">1065-6995</issn>
<issn type="electronic">1095-8355</issn>
<idGroup>
<id type="product" value="CBIN"/>
</idGroup>
<titleGroup>
<title type="main" sort="CELL BIOLOGY INTERNATIONAL">Cell Biology International</title>
<title type="short">Cell Biol Int</title>
</titleGroup>
</publicationMeta>
<publicationMeta level="part">
<copyright ownership="publisher">This article is protected by copyright. All rights reserved.</copyright>
</publicationMeta>
<publicationMeta level="unit" type="article" status="forOnlineAccepted">
<doi>10.1002/cbin.10940</doi>
<idGroup>
<id type="unit" value="CBIN10940"/>
</idGroup>
<countGroup>
<count type="pageTotal" number="16"/>
</countGroup>
<titleGroup>
<title type="articleCategory">Research Article</title>
<title type="tocHeading1">Research Articles</title>
</titleGroup>
<copyright ownership="publisher">This article is protected by copyright. All rights reserved.</copyright>
<eventGroup>
<event type="manuscriptReceived" date="2017-08-10"/>
<event type="manuscriptRevised" date="2018-01-17"/>
<event type="manuscriptAccepted" date="2018-01-21"/>
<event type="xmlCreated" agent="Thomson Digital" date="2018-01-25"/>
</eventGroup>
<numberingGroup>
<numbering type="pageFirst">n/a</numbering>
<numbering type="pageLast">n/a</numbering>
</numberingGroup>
<correspondenceTo>
<lineatedText>
<line><b>Corresponding author:</b> Elham Zeinizade</line>
<line>Radiation Biology Research Center, Iran University of Medical Sciences (IUMS), Tehran, Iran</line>
<line>Cellular and Molecular Research Center, Iran University of Medical Sciences (IUMS), Tehran, Iran</line>
<line>Tehran, Iran and P. O. Box # 1449614535</line>
<line><b>Tel:</b> +989124356632</line>
<line><b>E&#x2010;mail Address:</b> <email>zeinizade.e@yahoo.com</email></line>
</lineatedText>
</correspondenceTo>
<linkGroup>
<link type="toTypesetVersion" href="file:cbin10940.pdf"/>
</linkGroup>
</publicationMeta>
<contentMeta>
<countGroup>
<count type="figureTotal" number="0"/>
<count type="tableTotal" number="0"/>
<count type="wordTotal" number="270"/>
</countGroup>
<titleGroup>
<title type="main">Cabazitaxel inhibits proliferation and potentiates the radiation response of U87MG glioblastoma cells<link href="#cbin10940-note-0001"/></title>
<title type="tocForm">Cabazitaxel inhibits proliferation and potentiates the radiation response of U87MG glioblastoma cells</title>
<title type="short">A potential radiosensitizer to U87MG cells</title>
</titleGroup>
<creators>
<creator xml:id="cbin10940-cr-0001" creatorRole="author" affiliationRef="#cbin10940-aff-0001 #cbin10940-aff-0002">
<personName><givenNames>Ali</givenNames> <familyName>Neshasteh&#x2010;Riz</familyName></personName>
</creator>
<creator xml:id="cbin10940-cr-0002" creatorRole="author" affiliationRef="#cbin10940-aff-0001 #cbin10940-aff-0002" corresponding="yes">
<personName><givenNames>Elham</givenNames> <familyName>Zeinizade</familyName></personName>
<contactDetails><email>zeinizade.e@yahoo.com</email></contactDetails>
</creator>
<creator xml:id="cbin10940-cr-0003" creatorRole="author" affiliationRef="#cbin10940-aff-0002 #cbin10940-aff-0003">
<personName><givenNames>Majid</givenNames> <familyName>Safa</familyName></personName>
</creator>
<creator xml:id="cbin10940-cr-0004" creatorRole="author" affiliationRef="#cbin10940-aff-0004">
<personName><givenNames>Kazem</givenNames> <familyName>Mousavizadeh</familyName></personName>
</creator>
</creators>
<affiliationGroup>
<affiliation xml:id="cbin10940-aff-0001" countryCode="IR"><orgDiv>Radiation Biology Research Center</orgDiv><orgName>Iran University of Medical Sciences (IUMS)</orgName><address><city>Tehran</city><country>Iran</country></address></affiliation>
<affiliation xml:id="cbin10940-aff-0002" countryCode="IR"><orgDiv>Cellular and Molecular Research Center</orgDiv><orgName>Iran University of Medical Sciences (IUMS)</orgName><address><city>Tehran</city><country>Iran</country></address></affiliation>
<affiliation xml:id="cbin10940-aff-0003" countryCode="IR"><orgDiv>Department of Hematology, Faculty of Allied Medicine</orgDiv><orgName>Iran University of Medical Sciences (IUMS)</orgName><address><city>Tehran</city><country>Iran</country></address></affiliation>
<affiliation xml:id="cbin10940-aff-0004" countryCode="IR"><orgDiv>Department of Molecular Medicine, Faculty of Advanced Technologies in Medicine</orgDiv><orgName>Iran University of Medical Sciences (IUMS)</orgName><address><city>Tehran</city><country>Iran</country></address></affiliation>
</affiliationGroup>
<keywordGroup type="author" xml:lang="en">
<keyword xml:id="cbin10940-kwd-0001">Cabazitaxel</keyword>
<keyword xml:id="cbin10940-kwd-0002">ionizing radiation</keyword>
<keyword xml:id="cbin10940-kwd-0003">mitotic inhibitor agents</keyword>
<keyword xml:id="cbin10940-kwd-0004">U87MG cells</keyword>
</keywordGroup>
<abstractGroup>
<abstract type="main" xml:lang="en">
<title type="main">Abstract</title>
<section xml:id="cbin10940-sec-0001">
<p>Cabazitaxel is a second&#x2010;generation semisynthetic taxane. The recognized anti&#x2010;neoplastic effect of Cabazitaxel is cell cycle perturbation by inducing arrest at G2/M. Since glioblastoma tumors have a relatively high expression of P&#x2010;gp, it is encouraging to find a treatment that is effective against these tumors. This study was conducted to examine the radiosensitizing potential of Cabazitaxel against U87MG cells. In order to evaluate the effect of Cabazitaxel, cells were treated with different concentrations of the drug at different time intervals and then cytotoxicity and cell cycle were assessed using MTT and flow cytometry assays, respectively. Annexin/PI and real&#x2010;time polymerase chain reaction (PCR) assays were used to evaluate the extent of apoptosis. Cabazitaxel exerted a consistent G2/M arrest and resulted in a concentration&#x2010; and time&#x2010;dependent toxicity. Cabazitaxel enhanced the cytotoxicity response of U87MG cells to radiation. Apoptosis increased following Cabazitaxel&#x2010;IR administration. At the same time, these results were further supported by apoptotic genes regulation. This study provides the first preclinical evidence supporting that Cabazitaxel can render U87MG cells more susceptible to the cytotoxicity of radiation and could potentially be administered in combination modalities as a promising cell cycle&#x2010;specific radiosensitizer for the future steps of <i>in vivo</i> evaluation.</p>
</section>
</abstract>
</abstractGroup>
</contentMeta>
<noteGroup>
<note xml:id="cbin10940-note-0001">This article has been accepted for publication and undergone full peer review but has not been through the copyediting, typesetting, pagination and proofreading process, which may lead to differences between this version and the Version of Record. Please cite this article as doi: [10.1002/cbin.10940]</note>
</noteGroup>
</header>
</component>