<?xml version="1.0" encoding="US-ASCII" standalone="yes"?>
<component xmlns:wiley="http://www.wiley.com/namespaces/wiley/wiley" xmlns="http://www.wiley.com/namespaces/wiley" version="2.0" type="serialArticle" xml:lang="en" xml:id="mus26047">
<header>
<publicationMeta level="product">
<doi origin="wiley" registered="yes">10.1002/(ISSN)1097-4598</doi>
<issn type="print">0148-639X</issn>
<issn type="electronic">1097-4598</issn>
<idGroup>
<id type="product" value="MUS"/>
</idGroup>
<titleGroup>
<title type="main" sort="MUSCLE AND NERVE">Muscle &#x00026; Nerve</title>
<title type="short">Muscle Nerve</title>
</titleGroup>
</publicationMeta>
<publicationMeta level="part">
<copyright ownership="publisher">&#x000A9; 2018 Wiley Periodicals, Inc.</copyright>
</publicationMeta>
<publicationMeta level="unit" type="article" status="forOnlineEarlyUnpaginated">
<doi>10.1002/mus.26047</doi>
<idGroup>
<id type="unit" value="MUS26047"/>
</idGroup>
<countGroup>
<count type="pageTotal" number="3"/>
</countGroup>
<titleGroup>
<title type="articleCategory">Noteworthy Cases</title>
<title type="tocHeading1">Noteworthy Cases</title>
</titleGroup>
<copyright ownership="publisher">&#x000A9; 2018 Wiley Periodicals, Inc.</copyright>
<eventGroup>
<event type="manuscriptReceived" date="2017-08-30"/>
<event type="manuscriptRevised" date="2017-12-08"/>
<event type="manuscriptAccepted" date="2017-12-15"/>
<event type="xmlCreated" agent="Cenveo Publisher Services" date="2018-01-16"/>
</eventGroup>
<numberingGroup>
<numbering type="pageFirst">n/a</numbering>
<numbering type="pageLast">n/a</numbering>
</numberingGroup>
<correspondenceTo><b>Correspondence to</b>: B. A. McCray; e&#x02010;mail: <email>bmccray3@jhmi.edu</email></correspondenceTo>
<linkGroup>
<link type="toTypesetVersion" href="file:mus26047.pdf"/>
<link type="toAuthorManuscriptVersion" href="file:mus26047_am.pdf"/>
</linkGroup>
</publicationMeta>
<contentMeta>
<countGroup>
<count type="figureTotal" number="1"/>
<count type="tableTotal" number="1"/>
<count type="wordTotal" number="1572"/>
</countGroup>
<titleGroup>
<title type="main">Fifteen&#x02010;year longitudinal follow&#x02010;up of a patient with severe early&#x02010;onset Charcot&#x02010;Marie&#x02010;Tooth disease type 2A</title>
<title type="short">Noteworthy Cases</title>
<title type="shortAuthors">Noteworthy Cases</title>
</titleGroup>
<creators>
<creator creatorRole="author" xml:id="mus26047-cr-0001" affiliationRef="#mus26047-aff-0001" corresponding="yes">
<personName><givenNames>Brett A.</givenNames><familyName>McCray</familyName><degrees>MD, PhD</degrees>
</personName><contactDetails><email>bmccray3@jhmi.edu</email></contactDetails>
</creator>
<creator creatorRole="author" xml:id="mus26047-cr-0002" affiliationRef="#mus26047-aff-0001">
<personName><givenNames>William</givenNames><familyName>Hurst</familyName><degrees>BS</degrees>
</personName>
</creator>
<creator creatorRole="author" xml:id="mus26047-cr-0003" affiliationRef="#mus26047-aff-0001 #mus26047-aff-0002">
<personName><givenNames>Thomas O.</givenNames><familyName>Crawford</familyName><degrees>MD</degrees>
</personName>
</creator>
<creator creatorRole="author" xml:id="mus26047-cr-0004" affiliationRef="#mus26047-aff-0001 #mus26047-aff-0003">
<personName><givenNames>Thomas E.</givenNames><familyName>Lloyd</familyName><degrees>MD, PhD</degrees>
</personName>
</creator>
</creators>
<affiliationGroup>
<affiliation xml:id="mus26047-aff-0001" countryCode="US" type="organization">
<orgDiv>Department of Neurology</orgDiv><orgName>Johns Hopkins University School of Medicine</orgName><address><city>John G. Rangos Building, 855 North Wolfe Street, Suite 227 Baltimore</city>
<countryPart>Maryland</countryPart><postCode>21205</postCode>
<country>USA</country></address>
</affiliation>
<affiliation xml:id="mus26047-aff-0002" countryCode="US" type="organization">
<orgDiv>Department of Pediatrics</orgDiv><orgName>Johns Hopkins University School of Medicine</orgName><address><city>Baltimore</city>
<countryPart>Maryland</countryPart>
<country>USA</country></address>
</affiliation>
<affiliation xml:id="mus26047-aff-0003" countryCode="US" type="organization">
<orgDiv>Department of Neuroscience</orgDiv><orgName>Johns Hopkins University School of Medicine</orgName><address><city>Baltimore</city>
<countryPart>Maryland</countryPart>
<country>USA</country></address>
</affiliation>
</affiliationGroup>
<keywordGroup>
<keyword xml:id="mus26047-kwd-0001">axonal neuropathy</keyword>
<keyword xml:id="mus26047-kwd-0002">Charcot&#x02010;Marie&#x02010;Tooth disease</keyword>
<keyword xml:id="mus26047-kwd-0003">CMT2</keyword>
<keyword xml:id="mus26047-kwd-0004">CMT2A</keyword>
<keyword xml:id="mus26047-kwd-0005">inherited neuropathy</keyword>
<keyword xml:id="mus26047-kwd-0006">mitofusin 2</keyword>
</keywordGroup>
</contentMeta>
<noteGroup>
<note xml:id="mus26047-note-0001">
<p><b>Conflicts of Interest</b>: None of the authors has any conflict of interest to disclose.</p></note>
</noteGroup>
</header><body sectionsNumbered="no">
<definitionList xml:id="mus26047-dl-0001">
<listPaired xml:id="mus26047-lp-0001">
<title type="main">Abbreviations</title>
<listItemPair>
<listItem xml:id="mus26047-li-0001">CMT</listItem>
<listItem xml:id="mus26047-li-0002">Charcot&#x02010;Marie&#x02010;Tooth disease</listItem></listItemPair>
<listItemPair>
<listItem xml:id="mus26047-li-0003">CMT2A</listItem>
<listItem xml:id="mus26047-li-0004">Charcot&#x02010;Marie&#x02010;Tooth disease type 2A</listItem></listItemPair></listPaired></definitionList>
<section xml:id="mus26047-sec-0001">
<p><b>C</b>harcot&#x02010;Marie&#x02010;Tooth disease (CMT) type 2A (CMT2A) is the most common form of axonal CMT and is caused by mutations in <i>MFN2</i>, which encodes mitofusin 2, a regulator of mitochondrial tethering, fusion, and transport.<link href="#mus26047-bib-0001 #mus26047-bib-0002"/> <i>MFN2</i> mutations account for approximately 20&#x00025; of all CMT2 cases and approximately 91&#x00025; of severe CMT2 cases.<link href="#mus26047-bib-0003 #mus26047-bib-0004"/> CMT2A is characterized by distal upper and lower extremity weakness, hyporeflexia of the lower limbs, and variable distal sensory loss.<link href="#mus26047-bib-0003 #mus26047-bib-0005 #mus26047-bib-0006"/> Lower extremities are more severely affected than upper extremities, and motor deficits are more prominent than sensory deficits. Age of onset is typically in the first decade, although case reports identify a broad range of onset from one year to the sixth decade. Patients with early&#x02010;onset disease generally have more severe symptoms and often become nonambulatory by the second decade.<link href="#mus26047-bib-0003"/></p>
<p>An understanding of the natural history of CMT is essential for individual prognostication and for the design of clinical trials. Although many cross&#x02010;sectional studies have characterized age of onset and severity of CMT2A,<link href="#mus26047-bib-0003 #mus26047-bib-0004 #mus26047-bib-0005"/> and a recent study described the progression of six pediatric patients with CMT2A over a period of 2 years,<link href="#mus26047-bib-0007"/> there have been no long&#x02010;term natural history studies. Here, we report a quantitative 15&#x02010;year study of a patient with severe early&#x02010;onset axonal neuropathy caused by <i>MFN2</i> mutation.</p>
<p>The subject has no family history of CMT, was the product of an uncomplicated pregnancy and birth, and manifested normal early development. He was first noted to have difficulty with running, balancing, and walking long distances at 5 years of age. Evaluation at age 7 showed distal atrophy of the lower extremities, pes planus, and steppage gait. Nerve conduction studies showed normal sural amplitude and velocity and absent distal motor responses (Table <link href="#mus26047-tbl-0001"/>), and needle electromyography showed chronic distal denervation. Over several years, he developed mild action tremor and worsening distal lower extremity atrophy and steppage gait. At the last evaluation at age 23, he used carbon&#x02010;fiber ankle&#x02010;foot orthoses to assist with ambulation and balance.</p>
<tabular xml:id="mus26047-tbl-0001">
<title type="main">Neurophysiology at ages 8 and 19.</title>
<table rowsep="0" colsep="0" frame="topbot" pgwide="1">
<tgroup cols="7">
<colspec colnum="1" colname="col1" colsep="0" rowsep="0"/>
<colspec colnum="2" colname="col2" colsep="0" rowsep="0"/>
<colspec colnum="3" colname="col3" colsep="0" rowsep="0"/>
<colspec colnum="4" colname="col4" colsep="0" rowsep="0"/>
<colspec colnum="5" colname="col5" colsep="0" rowsep="0"/>
<colspec colnum="6" colname="col6" colsep="0" rowsep="0"/>
<colspec colnum="7" colname="col7" colsep="0" rowsep="0"/>
<thead valign="bottom">
<row valign="bottom">
<entry colname="col1" align="left"></entry>
<entry colname="col2" align="left"></entry>
<entry namest="col3" nameend="col4" align="center" rowsep="1">Age 8</entry>
<entry namest="col5" nameend="col7" align="center" rowsep="1">Age 19</entry>
</row>
<row valign="bottom" rowsep="1">
<entry namest="col1" nameend="col2" align="center"></entry>
<entry colname="col3" align="center">Amp (&#x003BC;V)</entry>
<entry colname="col4" align="center">CV (m/s)</entry>
<entry colname="col5" align="center">Amp (&#x003BC;V)</entry>
<entry colname="col6" align="center">CV (m/s)</entry>
<entry colname="col7" align="center">F lat (ms)</entry>
</row>
</thead><tbody valign="top">
<row valign="top" rowsep="0">
<entry colname="col1" align="left">Sensory</entry>
<entry colname="col2" align="left">Sural</entry>
<entry colname="col3" align="center">20</entry>
<entry colname="col4" align="center">48</entry>
<entry colname="col5" align="center">12</entry>
<entry colname="col6" align="center">38</entry>
<entry colname="col7" align="center"></entry>
</row>
<row valign="top" rowsep="0">
<entry colname="col1" align="left"></entry>
<entry colname="col2" align="left">Median</entry>
<entry colname="col3" align="center"></entry>
<entry colname="col4" align="center"></entry>
<entry colname="col5" align="center">22</entry>
<entry colname="col6" align="center">51</entry>
<entry colname="col7" align="center"></entry>
</row>
<row valign="top" rowsep="0">
<entry colname="col1" align="left"></entry>
<entry colname="col2" align="left">Ulnar</entry>
<entry colname="col3" align="center"></entry>
<entry colname="col4" align="center"></entry>
<entry colname="col5" align="center">12</entry>
<entry colname="col6" align="center">50</entry>
<entry colname="col7" align="center"></entry>
</row>
<row valign="top" rowsep="0">
<entry namest="col1" nameend="col2" align="left" rowsep="0"></entry>
<entry colname="col3" align="center">Amp (mV)</entry>
<entry colname="col4" align="center">CV (m/s)</entry>
<entry colname="col5" align="center">Amp (mV)</entry>
<entry colname="col6" align="center">CV (m/s)</entry>
<entry colname="col7" align="center">F lat (ms)</entry>
</row>
<row valign="top" rowsep="0">
<entry colname="col1" align="left">Motor</entry>
<entry colname="col2" align="left">Peroneal to EDB</entry>
<entry colname="col3" align="center">NR</entry>
<entry colname="col4" align="center">NR</entry>
<entry colname="col5" align="center">NR</entry>
<entry colname="col6" align="center">NR</entry>
<entry colname="col7" align="center"></entry>
</row>
<row valign="top" rowsep="0">
<entry colname="col1" align="left"></entry>
<entry colname="col2" align="left">Peroneal to TA</entry>
<entry colname="col3" align="center">2</entry>
<entry colname="col4" align="center">50</entry>
<entry colname="col5" align="center"></entry>
<entry colname="col6" align="center"></entry>
<entry colname="col7" align="center"></entry>
</row>
<row valign="top" rowsep="0">
<entry colname="col1" align="left"></entry>
<entry colname="col2" align="left">Tibial</entry>
<entry colname="col3" align="center">NR</entry>
<entry colname="col4" align="center">NR</entry>
<entry colname="col5" align="center">0.1</entry>
<entry colname="col6" align="center"></entry>
<entry colname="col7" align="center"></entry>
</row>
<row valign="top" rowsep="0">
<entry colname="col1" align="left"></entry>
<entry colname="col2" align="left">Median</entry>
<entry colname="col3" align="center"></entry>
<entry colname="col4" align="center"></entry>
<entry colname="col5" align="center">9.3</entry>
<entry colname="col6" align="center">53</entry>
<entry colname="col7" align="center">28</entry>
</row>
<row valign="top" rowsep="0">
<entry colname="col1" align="left"></entry>
<entry colname="col2" align="left">Ulnar</entry>
<entry colname="col3" align="center"></entry>
<entry colname="col4" align="center"></entry>
<entry colname="col5" align="center">8.2</entry>
<entry colname="col6" align="center">55</entry>
<entry colname="col7" align="center">29</entry>
</row>
</tbody>
</tgroup>
</table>
<noteGroup>
<note xml:id="mus26047-note-0002" numbered="no">
<p>Amp, amplitude; CV, conduction velocity; EDB, extensor digitorum brevis; F lat, F&#x02010;wave latency; TA, tibialis anterior; NR: not recordable.</p></note>
</noteGroup>
</tabular>
<p>Over a 15&#x02010;year period, maximum voluntary isometric contraction was performed using dynamometry by a single investigator blinded to previous measures (Fig. <link href="#mus26047-fig-0001"/>). Proximal upper extremity strength was normal throughout the period of follow&#x02010;up, and each tested upper extremity muscle group more than doubled in strength. Hip flexion strength nearly doubled, whereas knee extension and flexion strength slowly declined. Ankle dorsiflexion and foot inversion strength were weak at the initial visit and declined to unmeasurable levels bilaterally by age 22. Foot eversion was stronger than inversion, but also progressively weakened. Nerve conduction studies at age 19 showed a reduction in sural amplitude compared with 11 years prior (Table <link href="#mus26047-tbl-0001"/>).</p><figure xml:id="mus26047-fig-0001">
<mediaResourceGroup>
<mediaResource href="urn:x-wiley:0148639X:media:mus26047:mus26047-fig-0001" alt="image"/>
<mediaResource mimeType="image/png" href="image_m/mus26047-fig-0001-m.png" rendition="webHiRes" alt="image"/>
<mediaResource mimeType="image/png" href="image_n/mus26047-fig-0001.png" rendition="webOriginal" alt="image"/>
<mediaResource mimeType="image/gif" href="image_t/mus26047-fig-0001-t.gif" rendition="webLoRes" alt="image"/>
</mediaResourceGroup>
<caption>Up to 10 measures of muscle strength (in kilograms, measured at the wrist [shoulder abduction, elbow flexion and extension], knee [hip flexion], or ankle [knee flexion and extension]) were obtained over the duration of observation. A decline of measured power over this duration was evident primarily in the lower extremities. <b>(A)</b> Arm testing showed progressive increases in strength. <b>(B)</b> Proximal leg testing demonstrated that hip flexion strength nearly doubled, while knee extension and flexion both slowly declined. <b>(C)</b> Distal leg testing showed reduced initial ankle and foot strength that continued to decline. Gaps indicate absent measurements. [Color figure can be viewed at <url href="http://wileyonlinelibrary.com">wileyonlinelibrary.com</url>]</caption>
</figure>
<p>Neurological examination at age 22 revealed normal mental status and cranial nerve function. The patient had severe weakness and atrophy of the anterior and posterior leg compartments and mild weakness and atrophy of intrinsic hand muscles. Reflexes were absent at the ankles, but present and slightly brisk at the elbows and knees. There were no identified sensory deficits. Genetic testing identified a pathogenic mutation (c.281G&#x0003E;A; p.Arg94Gln) in <i>MFN2</i>, confirming a diagnosis of CMT2A. The Arg94Gln mutation in MFN2 has been previously reported to cause a severe, early&#x02010;onset motor neuropathy consistent with the phenotype in our patient.<link href="#mus26047-bib-0001"/> <i>MFN2</i> gene sequencing of the subject&#x00027;s parents was normal, indicating that the patient&#x00027;s mutation was <i>de novo</i> in origin. Clinical examinations of the parents and 25&#x02010;year&#x02010;old brother were normal.</p>
<p>Consistent with the typical length&#x02010;dependent severity and progression of CMT, from age 8 to 23, the proximal upper extremities were unaffected as evidenced by doubling of arm strength, whereas distal strength in the legs (ankle dorsiflexion, foot inversion, and foot eversion) was markedly diminished initially and became undetectable over time. While the sensory examination was normal, the approximately 40&#x00025; reduction in sural amplitude from age 8 to 19 suggests subclinical sensory involvement. Interestingly and somewhat surprisingly, knee extension and flexion strength slowly declined over the period of follow&#x02010;up. This finding is in stark contrast to longitudinal normative data, which show a greater than threefold and fourfold increase in knee extension and flexion strength, respectively, between the age ranges of 3&#x02013;9 and 10&#x02013;19 years of age.<link href="#mus26047-bib-0008"/> While the changes in proximal leg strength need to be validated in additional CMT2A patients, these data suggest that quantitative quadriceps and hamstring strength measurements may be a sensitive readout for disease progression in children with CMT2A.</p>
<p>Our data provide valuable information that may help design future natural history studies and clinical trials. Prior clinical trials in CMT have been undermined by an inability to detect changes in measures of disease severity over the trial duration, underscoring the need to define quantifiable and robust readouts of disease burden. Recent studies have suggested that longitudinal measures of ankle dorsiflexion and grip strength may provide a means to track disease progression.<link href="#mus26047-bib-0007 #mus26047-bib-0009"/> However, in severe disease, measures of ankle dorsiflexion strength are subject to a floor effect as demonstrated in this study. We suggest that quantitative assessment of proximal lower extremity muscle strength could be a particularly useful clinical tool in CMT2A as it may capture disease progression over time, is less susceptible to a floor effect, and is less likely to be confounded by contractures and deformities that can complicate distal strength testing. Notably, our results also suggest that comparison of strength measures to normative data is imperative, as stable measures of strength during a period of expected growth and development may reflect nascent deterioration. With attention to the contributions of age, we propose that a combination of clinical measures including quantitative proximal lower extremity strength, CMT neuropathy scores incorporating distal upper and lower extremity strength,<link href="#mus26047-bib-0007 #mus26047-bib-0009"/> and recently validated measures such as quantitative muscle MRI<link href="#mus26047-bib-0010"/> may provide a sensitive readout of disease progression in CMT2A that could be used to assess efficacy of interventions in future clinical trials.</p>
</section>
<bibliography cited="yes" style="numbered">
<title type="main">REFERENCES</title>
<bib xml:id="mus26047-bib-0001">
<citation type="journal" xml:id="mus26047-cit-0001">
<author><familyName>Zuchner</familyName> <givenNames>S</givenNames></author>, 
<author><familyName>Mersiyanova</familyName> <givenNames>IV</givenNames></author>, 
<author><familyName>Muglia</familyName> <givenNames>M</givenNames></author>, 
<author><familyName>Bissar&#x02010;Tadmouri</familyName> <givenNames>N</givenNames></author>, 
<author><familyName>Rochelle</familyName> <givenNames>J</givenNames></author>, 
<author><familyName>Dadali</familyName> <givenNames>EL</givenNames></author>, <i>et al</i>. <articleTitle>Mutations in the mitochondrial GTPase mitofusin 2 cause Charcot&#x02010;Marie&#x02010;Tooth neuropathy type 2A</articleTitle>. <journalTitle>Nat Genet</journalTitle> <pubYear year="2004">2004</pubYear>;<vol>36</vol>:<pageFirst>449</pageFirst>&#x02013;<pageLast>451</pageLast>.
</citation>
</bib>
<bib xml:id="mus26047-bib-0002">
<citation type="journal" xml:id="mus26047-cit-0002">
<author><familyName>Pareyson</familyName> <givenNames>D</givenNames></author>, 
<author><familyName>Saveri</familyName> <givenNames>P</givenNames></author>, 
<author><familyName>Sagnelli</familyName> <givenNames>A</givenNames></author>, 
<author><familyName>Piscosquito</familyName> <givenNames>G</givenNames></author>. <articleTitle>Mitochondrial dynamics and inherited peripheral nerve diseases</articleTitle>. <journalTitle>Neurosci Lett</journalTitle> <pubYear year="2015">2015</pubYear>;<vol>596</vol>:<pageFirst>66</pageFirst>&#x02013;<pageLast>77</pageLast>.
</citation>
</bib>
<bib xml:id="mus26047-bib-0003">
<citation type="journal" xml:id="mus26047-cit-0003">
<author><familyName>Feely</familyName> <givenNames>SM</givenNames></author>, 
<author><familyName>Laura</familyName> <givenNames>M</givenNames></author>, 
<author><familyName>Siskind</familyName> <givenNames>CE</givenNames></author>, 
<author><familyName>Sottile</familyName> <givenNames>S</givenNames></author>, 
<author><familyName>Davis</familyName> <givenNames>M</givenNames></author>, 
<author><familyName>Gibbons</familyName> <givenNames>VS</givenNames></author>, <i>et al</i>. <articleTitle>MFN2 mutations cause severe phenotypes in most patients with CMT2A</articleTitle>. <journalTitle>Neurology</journalTitle> <pubYear year="2011">2011</pubYear>;<vol>76</vol>:<pageFirst>1690</pageFirst>&#x02013;<pageLast>1696</pageLast>.
</citation>
</bib>
<bib xml:id="mus26047-bib-0004">
<citation type="journal" xml:id="mus26047-cit-0004">
<author><familyName>McCorquodale</familyName> <givenNames>DS</givenNames> <nameSuffix>III</nameSuffix></author>, 
<author><familyName>Montenegro</familyName> <givenNames>G</givenNames></author>, 
<author><familyName>Peguero</familyName> <givenNames>A</givenNames></author>, 
<author><familyName>Carlson</familyName> <givenNames>N</givenNames></author>, 
<author><familyName>Speziani</familyName> <givenNames>F</givenNames></author>, 
<author><familyName>Price</familyName> <givenNames>J</givenNames></author>, <i>et al</i>. <articleTitle>Mutation screening of mitofusin 2 in Charcot&#x02010;Marie&#x02010;Tooth disease type 2</articleTitle>. <journalTitle>J Neurol</journalTitle> <pubYear year="2011">2011</pubYear>;<vol>258</vol>:<pageFirst>1234</pageFirst>&#x02013;<pageLast>1239</pageLast>.
</citation>
</bib>
<bib xml:id="mus26047-bib-0005">
<citation type="journal" xml:id="mus26047-cit-0005">
<author><familyName>Lawson</familyName> <givenNames>VH</givenNames></author>, 
<author><familyName>Graham</familyName> <givenNames>BV</givenNames></author>, 
<author><familyName>Flanigan</familyName> <givenNames>KM</givenNames></author>. <articleTitle>Clinical and electrophysiologic features of CMT2A with mutations in the mitofusin 2 gene</articleTitle>. <journalTitle>Neurology</journalTitle> <pubYear year="2005">2005</pubYear>;<vol>65</vol>:<pageFirst>197</pageFirst>&#x02013;<pageLast>204</pageLast>.
</citation>
</bib>
<bib xml:id="mus26047-bib-0006">
<citation type="journal" xml:id="mus26047-cit-0006">
<author><familyName>Calvo</familyName> <givenNames>J</givenNames></author>, 
<author><familyName>Funalot</familyName> <givenNames>B</givenNames></author>, 
<author><familyName>Ouvrier</familyName> <givenNames>RA</givenNames></author>, 
<author><familyName>Lazaro</familyName> <givenNames>L</givenNames></author>, 
<author><familyName>Toutain</familyName> <givenNames>A</givenNames></author>, 
<author><familyNamePrefix>De</familyNamePrefix> <familyName>Mas</familyName> <givenNames>P</givenNames></author>, <i>et al</i>. <articleTitle>Genotype&#x02010;phenotype correlations in Charcot&#x02010;Marie&#x02010;Tooth disease type 2 caused by mitofusin 2 mutations</articleTitle>. <journalTitle>Arch Neurol</journalTitle> <pubYear year="2009">2009</pubYear>;<vol>66</vol>:<pageFirst>1511</pageFirst>&#x02013;<pageLast>1516</pageLast>.
</citation>
</bib>
<bib xml:id="mus26047-bib-0007">
<citation type="journal" xml:id="mus26047-cit-0007">
<author><familyName>Cornett</familyName> <givenNames>KMD</givenNames></author>, 
<author><familyName>Menezes</familyName> <givenNames>MP</givenNames></author>, 
<author><familyName>Shy</familyName> <givenNames>RR</givenNames></author>, 
<author><familyName>Moroni</familyName> <givenNames>I</givenNames></author>, 
<author><familyName>Pagliano</familyName> <givenNames>E</givenNames></author>, 
<author><familyName>Pareyson</familyName> <givenNames>D</givenNames></author>, <i>et al</i>. <articleTitle>Natural history of Charcot&#x02010;Marie&#x02010;Tooth disease during childhood</articleTitle>. <journalTitle>Ann Neurol</journalTitle> <pubYear year="2017">2017</pubYear>;<vol>82</vol>:<pageFirst>353</pageFirst>&#x02013;<pageLast>359</pageLast>.
</citation>
</bib>
<bib xml:id="mus26047-bib-0008">
<citation type="journal" xml:id="mus26047-cit-0008">
<author><familyName>McKay</familyName> <givenNames>MJ</givenNames></author>, 
<author><familyName>Baldwin</familyName> <givenNames>JN</givenNames></author>, 
<author><familyName>Ferreira</familyName> <givenNames>P</givenNames></author>, 
<author><familyName>Simic</familyName> <givenNames>M</givenNames></author>, 
<author><familyName>Vanicek</familyName> <givenNames>N</givenNames></author>, 
<author><familyName>Burns</familyName> <givenNames>J</givenNames></author>, <i>et al</i>. <articleTitle>Normative reference values for strength and flexibility of 1,000 children and adults</articleTitle>. <journalTitle>Neurology</journalTitle> <pubYear year="2017">2017</pubYear>;<vol>88</vol>:<pageFirst>36</pageFirst>&#x02013;<pageLast>43</pageLast>.
</citation>
</bib>
<bib xml:id="mus26047-bib-0009">
<citation type="journal" xml:id="mus26047-cit-0009">
<author><familyName>Fridman</familyName> <givenNames>V</givenNames></author>, 
<author><familyName>Bundy</familyName> <givenNames>B</givenNames></author>, 
<author><familyName>Reilly</familyName> <givenNames>MM</givenNames></author>, 
<author><familyName>Pareyson</familyName> <givenNames>D</givenNames></author>, 
<author><familyName>Bacon</familyName> <givenNames>C</givenNames></author>, 
<author><familyName>Burns</familyName> <givenNames>J</givenNames></author>, <i>et al</i>. <articleTitle>CMT subtypes and disease burden in patients enrolled in the Inherited Neuropathies Consortium natural history study: a cross&#x02010;sectional analysis</articleTitle>. <journalTitle>J Neurol Neurosurg Psychiatry</journalTitle> <pubYear year="2015">2015</pubYear>;<vol>86</vol>:<pageFirst>873</pageFirst>&#x02013;<pageLast>878</pageLast>.
</citation>
</bib>
<bib xml:id="mus26047-bib-0010">
<citation type="journal" xml:id="mus26047-cit-0010">
<author><familyName>Pareyson</familyName> <givenNames>D</givenNames></author>, 
<author><familyName>Saveri</familyName> <givenNames>P</givenNames></author>, 
<author><familyName>Pisciotta</familyName> <givenNames>C</givenNames></author>. <articleTitle>New developments in Charcot&#x02010;Marie&#x02010;Tooth neuropathy and related diseases</articleTitle>. <journalTitle>Curr Opin Neurol</journalTitle> <pubYear year="2017">2017</pubYear>;<vol>30</vol>:<pageFirst>471</pageFirst>&#x02013;<pageLast>480</pageLast>.
</citation>
</bib>
</bibliography>
</body></component>