<?xml version="1.0" encoding="US-ASCII" standalone="yes"?>
<component type="serialArticle" version="2.0" xml:id="apt14592" xml:lang="en" xmlns="http://www.wiley.com/namespaces/wiley" xmlns:wiley="http://www.wiley.com/namespaces/wiley/wiley">
<header>
<publicationMeta level="product">
<doi origin="wiley" registered="yes">10.1111/(ISSN)1365-2036</doi>
<issn type="print">0269-2813</issn>
<issn type="electronic">1365-2036</issn>
<idGroup>
<id type="product" value="APT"/>
</idGroup>
<titleGroup>
<title sort="ALIMENTARY PHARMACOLOGY AND THERAPEUTICS" type="main">Alimentary Pharmacology &#x0026; Therapeutics</title>
<title type="short">Aliment Pharmacol Ther</title>
</titleGroup>
</publicationMeta>
<publicationMeta level="part">
<copyright ownership="publisher">Copyright &#x00A9; 2018 John Wiley &#x0026; Sons Ltd</copyright>
</publicationMeta>
<publicationMeta level="unit" status="forOnlineEarlyUnpaginated" type="article">
<doi>10.1111/apt.14592</doi>
<idGroup>
<id type="unit" value="APT14592"/>
</idGroup>
<countGroup>
<count number="8" type="pageTotal"/>
</countGroup>
<titleGroup>
<title type="articleCategory">ORIGINAL ARTICLE</title>
<title type="tocHeading1">ORIGINAL ARTICLES</title>
</titleGroup>
<copyright ownership="publisher">&#x00A9; 2018 John Wiley &#x0026; Sons Ltd</copyright>
<eventGroup>
<event date="2017-12-28" type="manuscriptReceived"/>
<event date="2018-01-17" type="manuscriptRevised"/>
<event date="2018-02-11" type="manuscriptAccepted"/>
<event agent="SPS" date="2018-02-19" type="xmlCreated"/>
</eventGroup>
<numberingGroup>
<numbering type="pageFirst">n/a</numbering>
<numbering type="pageLast">n/a</numbering>
</numberingGroup>
<correspondenceTo>
<lineatedText>
<line>
<b>Correspondence</b>
</line>
<line>Dr. J von Felden, I. Department of Medicine, University Medical Center Hamburg&#x2010;Eppendorf, Hamburg, Germany.</line>
<line>Email: <email>j.von-felden@uke.de</email></line>
</lineatedText>
</correspondenceTo>
<selfCitationGroup>
<citation type="self" xml:id="apt14592-cit-1001"><author><familyNamePrefix>von</familyNamePrefix> <familyName>Felden</familyName> <givenNames>J</givenNames></author>, <author><familyName>Vermehren</familyName> <givenNames>J</givenNames></author>, <author><familyName>Ingiliz</familyName> <givenNames>P</givenNames></author>, et&#x00A0;al. <articleTitle>High efficacy of sofosbuvir&#x002F;velpatasvir and impact of baseline resistance&#x2010;associated substitutions in hepatitis C genotype 3 infection</articleTitle>. <journalTitle>Aliment Pharmacol Ther</journalTitle>. <pubYear year="2018">2018</pubYear>;<vol>00</vol>:<pageFirst>1</pageFirst>&#x2013;<pageLast>8</pageLast>. <url href="https://doi.org/10.1111/apt.14592">https://doi.org/10.1111/apt.14592</url></citation>
</selfCitationGroup>
<objectNameGroup>
<objectName elementName="appendix">Appendix</objectName>
</objectNameGroup>
<attributeValueGroup>
<attributeValue attribute="type" element="note" value="funding"/>
</attributeValueGroup>
<linkGroup>
<link type="toTypesetVersion" href="file:apt14592.pdf"/>
<link type="toAuthorManuscriptVersion" href="file:apt14592_am.pdf"/>
</linkGroup>
</publicationMeta>
<contentMeta>
<countGroup>
<count number="2" type="figureTotal"/>
<count number="3" type="tableTotal"/>
<count number="6342" type="wordTotal"/>
</countGroup>
<titleGroup>
<title type="main">High efficacy of sofosbuvir&#x002F;velpatasvir and impact of baseline resistance&#x2010;associated substitutions in hepatitis C genotype 3 infection</title>
<title type="shortAuthors">von FELDEN et&#x00A0;al.</title>
</titleGroup>
<creators>
<creator affiliationRef="#apt14592-aff-0001 #apt14592-aff-0002" corresponding="yes" creatorRole="author" xml:id="apt14592-cr-0001">
<idGroup>
<id type="orcid" value="http://orcid.org/0000-0003-2839-5174"/>
</idGroup>
<personName><givenNames>J.</givenNames> <familyName>von Felden</familyName></personName>
<contactDetails><email>j.von-felden@uke.de</email></contactDetails>
</creator>
<creator affiliationRef="#apt14592-aff-0003" creatorRole="author" xml:id="apt14592-cr-0002">
<idGroup>
<id type="orcid" value="http://orcid.org/0000-0002-3287-0815"/>
</idGroup>
<personName><givenNames>J.</givenNames> <familyName>Vermehren</familyName></personName>
</creator>
<creator affiliationRef="#apt14592-aff-0004" creatorRole="author" xml:id="apt14592-cr-0003">
<personName><givenNames>P.</givenNames> <familyName>Ingiliz</familyName></personName>
</creator>
<creator affiliationRef="#apt14592-aff-0005" creatorRole="author" xml:id="apt14592-cr-0004">
<personName><givenNames>S.</givenNames> <familyName>Mauss</familyName></personName>
</creator>
<creator affiliationRef="#apt14592-aff-0003" creatorRole="author" xml:id="apt14592-cr-0005">
<personName><givenNames>T.</givenNames> <familyName>Lutz</familyName></personName>
</creator>
<creator affiliationRef="#apt14592-aff-0006" creatorRole="author" xml:id="apt14592-cr-0006">
<personName><givenNames>K. G.</givenNames> <familyName>Simon</familyName></personName>
</creator>
<creator affiliationRef="#apt14592-aff-0007" creatorRole="author" xml:id="apt14592-cr-0007">
<personName><givenNames>H. W.</givenNames> <familyName>Busch</familyName></personName>
</creator>
<creator affiliationRef="#apt14592-aff-0004" creatorRole="author" xml:id="apt14592-cr-0008">
<personName><givenNames>A.</givenNames> <familyName>Baumgarten</familyName></personName>
</creator>
<creator affiliationRef="#apt14592-aff-0001" creatorRole="author" xml:id="apt14592-cr-0009">
<personName><givenNames>K.</givenNames> <familyName>Schewe</familyName></personName>
</creator>
<creator affiliationRef="#apt14592-aff-0008" creatorRole="author" xml:id="apt14592-cr-0010">
<personName><givenNames>D.</givenNames> <familyName>Hueppe</familyName></personName>
</creator>
<creator affiliationRef="#apt14592-aff-0009" creatorRole="author" xml:id="apt14592-cr-0011">
<personName><givenNames>C.</givenNames> <familyName>Boesecke</familyName></personName>
</creator>
<creator affiliationRef="#apt14592-aff-0009" creatorRole="author" xml:id="apt14592-cr-0012">
<personName><givenNames>J. K.</givenNames> <familyName>Rockstroh</familyName></personName>
</creator>
<creator affiliationRef="#apt14592-aff-0010" creatorRole="author" xml:id="apt14592-cr-0013">
<personName><givenNames>M.</givenNames> <familyName>Daeumer</familyName></personName>
</creator>
<creator affiliationRef="#apt14592-aff-0005" creatorRole="author" xml:id="apt14592-cr-0014">
<personName><givenNames>N.</givenNames> <familyName>Luebke</familyName></personName>
</creator>
<creator affiliationRef="#apt14592-aff-0005" creatorRole="author" xml:id="apt14592-cr-0015">
<personName><givenNames>J.</givenNames> <familyName>Timm</familyName></personName>
</creator>
<creator affiliationRef="#apt14592-aff-0001" creatorRole="author" xml:id="apt14592-cr-0016">
<personName><givenNames>J.</givenNames> <familyName>Schulze zur Wiesch</familyName></personName>
</creator>
<creator affiliationRef="#apt14592-aff-0003 #apt14592-aff-0011" creatorRole="author" xml:id="apt14592-cr-0017">
<personName><givenNames>C.</givenNames> <familyName>Sarrazin</familyName></personName>
</creator>
<creator affiliationRef="#apt14592-aff-0007" creatorRole="author" xml:id="apt14592-cr-0018">
<personName><givenNames>S.</givenNames> <familyName>Christensen</familyName></personName>
</creator>
</creators>
<affiliationGroup>
<affiliation countryCode="DE" type="organization" xml:id="apt14592-aff-0001">
<address><city>Hamburg</city> <country>Germany</country></address>
</affiliation>
<affiliation countryCode="US" type="organization" xml:id="apt14592-aff-0002">
<address><city>New York City</city> <countryPart>NY</countryPart> <country>USA</country></address>
</affiliation>
<affiliation countryCode="DE" type="organization" xml:id="apt14592-aff-0003">
<address><city>Frankfurt</city> <country>Germany</country></address>
</affiliation>
<affiliation countryCode="DE" type="organization" xml:id="apt14592-aff-0004">
<address><city>Berlin</city> <country>Germany</country></address>
</affiliation>
<affiliation countryCode="DE" type="organization" xml:id="apt14592-aff-0005">
<address><city>Duesseldorf</city> <country>Germany</country></address>
</affiliation>
<affiliation countryCode="DE" type="organization" xml:id="apt14592-aff-0006">
<address><city>Leverkusen</city> <country>Germany</country></address>
</affiliation>
<affiliation countryCode="DE" type="organization" xml:id="apt14592-aff-0007">
<address><city>Muenster</city> <country>Germany</country></address>
</affiliation>
<affiliation countryCode="DE" type="organization" xml:id="apt14592-aff-0008">
<address><city>Herne</city> <country>Germany</country></address>
</affiliation>
<affiliation countryCode="DE" type="organization" xml:id="apt14592-aff-0009">
<address><city>Bonn</city> <country>Germany</country></address>
</affiliation>
<affiliation countryCode="DE" type="organization" xml:id="apt14592-aff-0010">
<address><city>Kaiserslautern</city> <country>Germany</country></address>
</affiliation>
<affiliation countryCode="DE" type="organization" xml:id="apt14592-aff-0011">
<address><city>Wiesbaden</city> <country>Germany</country></address>
</affiliation>
</affiliationGroup>
<fundingInfo>
<fundingAgency fundRefName="Deutsche Forschungsgemeinschaft" funderDoi="10.13039/501100001659">Deutsche Forschungsgemeinschaft</fundingAgency>
<fundingNumber>FE1746&#x002F;1&#x2010;1</fundingNumber>
<fundingNumber>SFB841 A6</fundingNumber>
</fundingInfo>
<fundingInfo>
<fundingAgency fundRefName="Deutsches Zentrum f&#x00FC;r Infektionsforschung" funderDoi="10.13039/100009139">German Center for Infection Research (DZIF)</fundingAgency>
</fundingInfo>
<supportingInformation>
<supportingInfoItem xml:id="apt14592-sup-0001">
<mediaResource alt="supporting" href="supinfo/apt14592-sup-0001-SupInfo.docx" mimeType="application/msword"/>
<caption>
<b>&#x00A0;</b>
</caption>
</supportingInfoItem>
<supportingInfoItem xml:id="apt14592-sup-0002">
<mediaResource alt="supporting" href="supinfo/apt14592-sup-0002-FigS1.jpg" mimeType="image/jpg" rendition="webOriginal"/>
<caption>
<b>&#x00A0;</b>
</caption>
</supportingInfoItem>
</supportingInformation>
<abstractGroup>
<abstract type="main" xml:id="apt14592-abs-0001" xml:lang="en">
<title type="main">Summary</title>
<section numbered="no" xml:id="apt14592-sec-0001">
<title type="main">Background</title>
<p>Twelve weeks of the pangenotypic direct&#x2010;acting antiviral (<fc>DAA</fc>) combination sofosbuvir&#x002F;velpatasvir (<fc>SOF</fc>&#x002F;<fc>VEL</fc>) was highly efficient in patients with hepatitis C virus (<fc>HCV</fc>) genotype 3 (<fc>GT</fc>3) infection in the <fc>ASTRAL</fc>&#x2010;3 approval study. However, presence of resistance&#x2010;associated substitutions (<fc>RAS</fc>s) in the <fc>HCV</fc> nonstructural protein 5A (<fc>NS</fc>5A) was associated with lower treatment response.</p>
</section>
<section numbered="no" xml:id="apt14592-sec-0002">
<title type="main">Aim</title>
<p>To assess the efficacy and safety of <fc>SOF</fc>&#x002F;<fc>VEL</fc>&#x00A0;&#x00B1;&#x00A0;ribavirin (<fc>RBV</fc>) and the impact of <fc>NS</fc>5A <fc>RAS</fc>s and <fc>RBV</fc> use on treatment outcome in <fc>HCV GT</fc>3 infection in a real&#x2010;world setting.</p>
</section>
<section numbered="no" xml:id="apt14592-sec-0003">
<title type="main">Methods</title>
<p>In this multicentre cohort study, <fc>GT</fc>3 patients from ten treatment centres across Germany were included. Sustained virological response was assessed 12&#x00A0;weeks after end&#x2010;of&#x2010;treatment (<fc>SVR</fc>12) in modified intention&#x2010;to&#x2010;treat (<fc>mITT</fc>) and per&#x2010;protocol analysis (<fc>PP</fc>). <fc>NS</fc>5A <fc>RAS</fc>s were tested by population&#x2010;based sequencing.</p>
</section>
<section numbered="no" xml:id="apt14592-sec-0004">
<title type="main">Results</title>
<p>A total of 293 <fc>GT</fc>3 patients were included. The median age was 48&#x00A0;years, 70&#x0025; were male, 25.3&#x0025; were cirrhotic, 9.2&#x0025; were <fc>HCV</fc>&#x002F;<fc>HIV</fc> co&#x2010;infected and 21.8&#x0025; were treatment&#x2010;experienced, including 4.1&#x0025; with <fc>DAA</fc> experience. Baseline <fc>NS</fc>5A <fc>RAS</fc>s (Y93H, A30K, L31M) were detected in 11.2&#x0025;. <fc>RBV</fc> was added in 5&#x0025; of noncirrhotic and 58.9&#x0025; of cirrhotic patients, respectively. <fc>SVR</fc>12 rates for <fc>SOF</fc>&#x002F;<fc>VEL</fc>&#x00B1;<fc>RBV</fc> were 95.9&#x0025; (<fc>mITT</fc>) and 99.5&#x0025; (<fc>PP</fc>), respectively. Only 1 virological relapse occurred in a cirrhotic patient previously treated with <fc>SOF</fc>&#x002F;<fc>RBV</fc>. No treatment&#x2010;related major adverse events occurred.</p>
</section>
<section numbered="no" xml:id="apt14592-sec-0005">
<title type="main">Conclusion</title>
<p>Twelve weeks of <fc>SOL</fc>&#x002F;<fc>VEL</fc>&#x00B1;<fc>RBV</fc> was safe and highly efficient in <fc>HCV GT</fc>3 across a diverse patient population. Baseline <fc>NS</fc>5A <fc>RAS</fc>s were rarely observed and presence did not seem to impact <fc>SVR</fc>, regardless of the use of <fc>RBV</fc>.</p>
</section>
</abstract>
</abstractGroup>
</contentMeta>
<noteGroup xml:id="apt14592-ntgp-0001">
<note numbered="no" type="funding" xml:id="apt14592-note-1001">
<p>
<b>Funding information</b>
</p>
<p>JvF and JSzW are supported by Deutsche Forschungsgemeinschaft (German Research Foundation grants FE1746&#x002F;1&#x2010;1, SFB841 A6). JSzW and CS are supported by the German Center for Infection Research (DZIF).</p>
</note>
<note xml:id="apt14592-note-1002">J. von Felden and J. Vermehren share first authorship.</note>
<note xml:id="apt14592-note-1003">C. Sarrazin and S. Christensen share senior authorship.</note>
<note numbered="no" xml:id="apt14592-note-1004">The Handling Editor for this article was Professor Grace Wong, and it was accepted for publication after full peer&#x2010;review.</note>
<note numbered="no" xml:id="apt14592-note-1005">Authors&#x2019; complete affiliations are listed in <link href="#apt14592-app-0001">Appendix</link> section.</note>
</noteGroup>
</header>
<body sectionsNumbered="yes" xml:id="apt14592-body-0001">
<section xml:id="apt14592-sec-0006">
<title type="main">INTRODUCTION</title>
<p>Chronic hepatitis C virus (HCV) infection affects approximately 71 million patients worldwide, who are at risk of developing progressive liver disease, including cirrhosis and hepatocellular carcinoma.<link href="#apt14592-bib-0001"/> HCV genotype 3 (GT3) is the second&#x2010;most prevalent genotype, accounting for 25&#x0025; of all infections, and has a particularly high prevalence among European drug users and in Southern Asia.<link href="#apt14592-bib-0002 #apt14592-bib-0003"/> Moreover, recent evidence suggests that HCV GT3 infection is associated with higher rates of liver steatosis, more rapid fibrosis progression, and development of hepatocellular carcinoma compared to infection with other HCV genotypes.<link href="#apt14592-bib-0004 #apt14592-bib-0005 #apt14592-bib-0006"/></p>
<p>Historically, HCV GT3 infection was considered an easy&#x2010;to&#x2010;treat genotype with sustained virological response (SVR) rates of approximately 70&#x0025; following 24&#x2010;48&#x00A0;weeks of interferon&#x2010;based therapy in noncirrhotic patients.<link href="#apt14592-bib-0007 #apt14592-bib-0008"/> More recently, development of interferon&#x2010;free direct&#x2010;acting antiviral (DAA) drug combinations has marked a significant breakthrough in antiviral therapy for chronic HCV infection with high SVR rates.<link href="#apt14592-bib-0009"/> However, most first&#x2010;generation HCV protease inhibitors and nonstructural protein 5A (NS5A) inhibitors were less effective in GT3 infection, particularly in the presence of other negative predictive factors, including cirrhosis, prior interferon treatment failure and&#x002F;or resistance&#x2010;associated substitutions (RASs).<link href="#apt14592-bib-0003 #apt14592-bib-0010"/> Thus, HCV GT3 infection was still regarded as one of the more &#x201C;difficult&#x2010;to&#x2010;treat&#x201D; genotypes in the era of interferon&#x2010;free treatments.</p>
<p>Velpatasvir (VEL), a second&#x2010;generation, pangenotypic HCV NS5A inhibitor in combination with the HCV NS5B polymerase inhibitor sofosbuvir (SOF) was recently introduced as an interferon&#x2010;free, oral, once daily regimen for the treatment of HCV genotypes 1&#x2010;6.<link href="#apt14592-bib-0011 #apt14592-bib-0012"/> SOF&#x002F;VEL demonstrated potent antiviral activity and a high barrier to resistance in&#xA0;vitro, and high SVR rates of 95&#x0025;&#x2010;99&#x0025; were achieved across all HCV genotypes following 12&#x00A0;weeks of SOF&#x002F;VEL therapy.<link href="#apt14592-bib-0011 #apt14592-bib-0012"/> However, SVR rates were lower in HCV GT3 infection compared to other genotypes, particularly in treatment&#x2010;experienced cirrhotic patients.<link href="#apt14592-bib-0011 #apt14592-bib-0013"/> These observations prompted the European Medicines Agency to recommend that ribavirin (RBV) may be added in patients with HCV GT3 infection and cirrhosis although no data are available to support this recommendation.<link href="#apt14592-bib-0014"/></p>
<p>While rarely observed in the approval trials, presence of the highly resistant NS5A substitution Y93H at baseline was associated with lower SVR, and Y93H was also observed as the predominant variant in all GT3 failures at time of treatment failure.<link href="#apt14592-bib-0013"/></p>
<p>So far, no large cohort studies outside of clinical trials are available for GT3 patients, and thus, it is unclear whether equally high SVR rates reported in clinical trials are achievable under real&#x2010;world conditions.</p>
<p>In our multicentre cohort study, we aimed to assess the efficacy and safety of 12&#x2010;week therapy with SOF&#x002F;VEL&#x00A0;&#x00B1;&#x00A0;RBV in patients with HCV GT3 infection, including patients with HCV and human immunodeficiency virus&#x2010;1 (HIV) co&#x2010;infection, prior HCV&#x2010;treatment experience and&#x002F;or cirrhosis in a real&#x2010;world setting. In addition, impact of baseline NS5A RASs on treatment outcome was analysed.</p>
</section>
<section xml:id="apt14592-sec-0007">
<title type="main">PATIENTS AND METHODS</title>
<p>For the present study, all consecutive patients with chronic HCV GT3 infection treated with SOF&#x002F;VEL with or without RBV for 12&#x00A0;weeks within the German Hepatitis C Cohort (GECCO) and at the outpatient clinic of the University Hospital Frankfurt were included. GECCO is an ongoing prospective, multicentre study including patients from 9 hepatitis C treatment centres in Germany (Berlin, Bonn, Duesseldorf, Frankfurt, Hamburg, Herne, Leverkusen, and Muenster) who initiated treatment with various DAA&#x2010;based regimens since February 2014.<link href="#apt14592-bib-0015 #apt14592-bib-0016 #apt14592-bib-0017 #apt14592-bib-0018"/></p>
<p>Individual patient treatment regimens were chosen at the discretion of the treating physician with regard to the patient&#x0027;s prior treatment experience, presence or absence of cirrhosis, liver function tests, presence of NS5A RASs at baseline (if available), comorbidities and concurrent medications. Of note, DAA&#x2010;experienced patients were also included in this study.</p>
<p>Clinical, laboratory and virological parameters were assessed at baseline, treatment week 4, 8, and 12 (if available), as well as 4, 12 and 24 (if available) weeks after the end of therapy.</p>
<p>Cirrhosis was diagnosed through biopsy or clinical assessment, including liver stiffness &#x003E;12.5&#x00A0;kPa according to transient elastography (FibroScan, Echosens, Paris, France) and&#x002F;or aspartate transaminase&#x002F;platelet&#x2010;ratio index (APRI&#x00A0;&#x003E;&#x00A0;2).</p>
<section xml:id="apt14592-sec-0008">
<title type="main">Resistance testing</title>
<p>Resistance testing was performed in all available serum samples, which were collected prior to treatment initiation. HCV ribonucleic acid (RNA) extraction, amplification of the NS5A target region as well as population&#x2010;based sequencing were performed as previously described.<link href="#apt14592-bib-0019"/> The viral load sensitivity threshold of the resistance assay was approximately 1000&#x00A0;IU&#x002F;mL HCV RNA or greater. Detected resistance&#x2010;associated substitutions (RASs) were classified as low (&#x003C;10&#x2010;fold), medium (10&#x2010;100&#x2010;fold) or high (&#x003E;100&#x2010;fold) according to their change in VEL susceptibility (EC<sub>50</sub>) in comparison to a wild type reference strain in in&#xA0;vitro replicon assays.<link href="#apt14592-bib-0010 #apt14592-bib-0020"/> HCV GT3 subtypes were re&#x2010;evaluated as part of the study based on nucleotide sequences.</p>
</section>
<section xml:id="apt14592-sec-0009">
<title type="main">Study endpoints and statistical analyses</title>
<p>Primary endpoint of the study was sustained virological response defined as undetectable HCV RNA 12&#x00A0;weeks (SVR12) after end of therapy. Additional endpoints of our study were undetectable HCV RNA 4&#x00A0;weeks after end of therapy (SVR4) and overall safety of SOF&#x002F;VEL therapy. Virological failure, ie, relapse, was defined as undetectable HCV RNA at end of therapy which became detectable again thereafter without proven re&#x2010;infection.</p>
<p>The safety analysis included all patients who started SOF&#x002F;VEL treatment and in whom at least a baseline visit was documented (<i>overall cohort</i>). Safety analysis assessed severe adverse events, ie, death or pre&#x2010;terminal cessation of the medication due to adverse events. SVR12 rates were calculated according to the modified intention&#x2010;to&#x2010;treat (mITT, <i>mITT population</i>) and per&#x2010;protocol analysis (PP, <i>PP population</i>). The <i>mITT population</i> included all patients who should have reached a follow&#x2010;up visit of at least 12&#x00A0;weeks after end of therapy at the time of final data analysis (October 31<sup>st</sup>, 2017), including patients who did not attend their scheduled follow&#x2010;up visit and were lost to follow&#x2010;up, had cessation of treatment for any reason or death during treatment or until follow&#x2010;up week 12. The <i>PP population</i> included all patients from the <i>mITT population</i>, except nonvirological failures. Patients who have not reached their scheduled 12&#x2010;week follow&#x2010;up were not eligible for mITT or PP analysis.</p>
<p>We performed further subgroup analyses on outcome of patients with cirrhosis, HCV&#x002F;HIV co&#x2010;infection, pegylated interferon (PEG&#x2010;IFN) and DAA&#x2010;experience as well as for patients with confirmed NS5A RASs at baseline. For statistical analysis, we used Pearson&#x0027;s Chi Square test, two&#x2010;way ANOVA, or Fisher&#x0027;s exact test, if applicable. A <i>P</i>&#x2010;value &#x003C;0.05 was considered statistically significant. All statistical analyses were performed using SPSS version 24 (IBM Corporation, New York, NY, USA).</p>
</section>
</section>
<section xml:id="apt14592-sec-0010">
<title type="main">RESULTS</title>
<section xml:id="apt14592-sec-0011">
<title type="main">Baseline characteristics</title>
<p>A total of 293 patients with HCV GT3 infection started SOF&#x002F;VEL therapy with or without RBV between July 2016 and August 2017 and were included in our study (<i>overall cohort</i>). Median age of the <i>overall cohort</i> was 48&#x00A0;years (range 18&#x2010;77&#x00A0;years) with 205 (70&#x0025;) male patients. A total of 74 patients had cirrhosis (25.3&#x0025;), predominantly Child&#x2010;Pugh&#x2010;Turcotte (CPT) score A (n&#x00A0;&#x003D;&#x00A0;65, 87.8&#x0025;). The median liver stiffness assessed with transient elastography was 6.9&#x00A0;kPa (range 3.0&#x2010;75.0&#x00A0;kPa) for the <i>overall cohort</i>, and 6.1&#x00A0;kPa (range 3.0&#x2010;12.4&#x00A0;kPa) and 18.0&#x00A0;kPa (range 11.1&#x2010;75&#x00A0;kPa) for noncirrhotic and cirrhotic patients (<i>P</i>&#x00A0;&#x003C;&#x00A0;0.001), respectively. Detailed baseline characteristics of the <i>overall cohort</i>, including liver function tests are displayed in Table&#x00A0;<link href="#apt14592-tbl-0001"/>.</p>
<tabular copyright="John Wiley &#x0026; Sons, Ltd" xml:id="apt14592-tbl-0001">
<title type="main">Characteristics of patients at baseline</title>
<table colsep="0" frame="topbot" pgwide="1" rowsep="0">
<tgroup cols="2">
<colspec colname="col1" colnum="1" colsep="0"></colspec>
<colspec colname="col2" colnum="2" colsep="0"></colspec>
<thead valign="top">
<row rowsep="1">
<entry align="left" colname="col1" morerows="1">Characteristic</entry>
<entry align="left" colname="col2" rowsep="1">Sofosbuvir&#x002F;velpatasvir&#x00A0;&#x00B1;&#x00A0;RBV</entry>
</row>
<row rowsep="1">
<entry align="left" colname="col2">Overall cohort, n&#x00A0;&#x003D;&#x00A0;293</entry>
</row>
</thead>
<tbody>
<row>
<entry align="left" colname="col1">Age, years</entry>
<entry align="left" colname="col2">48 (18&#x2010;77)</entry>
</row>
<row>
<entry align="left" colname="col1">Male</entry>
<entry align="left" colname="col2">205 (70.0&#x0025;)</entry>
</row>
<row>
<entry align="left" colname="col1">HCV RNA, IU&#x002F;mL</entry>
<entry align="char" char=" " colname="col2">1.28&#x00A0;&#x00D7;&#x00A0;10<sup>6</sup> (0.06&#x00A0;&#x00D7;&#x00A0;10<sup>3</sup> &#x2212; 51.8&#x00A0;&#x00D7;&#x00A0;10<sup>6</sup>)</entry>
</row>
<row>
<entry align="left" colname="col1">Liver stiffness, kPa</entry>
<entry align="left" colname="col2">6.9 (3.0&#x2010;75.0)</entry>
</row>
<row>
<entry align="left" colname="col1">Cirrhosis</entry>
<entry align="left" colname="col2">74 (25.3&#x0025;)</entry>
</row>
<row>
<entry align="left" colname="col1" indentLevel="1">CPT score A</entry>
<entry align="left" colname="col2">65 (87.8&#x0025;)</entry>
</row>
<row>
<entry align="left" colname="col1" indentLevel="1">CPT score B</entry>
<entry align="left" colname="col2">9 (12.2&#x0025;)</entry>
</row>
<row>
<entry align="left" colname="col1">SOF&#x002F;VEL without RBV</entry>
<entry align="left" colname="col2">239 (81.6&#x0025;)</entry>
</row>
<row>
<entry align="left" colname="col1">SOF&#x002F;VEL with RBV</entry>
<entry align="left" colname="col2">54 (18.4&#x0025;)</entry>
</row>
<row>
<entry align="left" colname="col1">Previous HCV therapy</entry>
<entry align="left" colname="col2">64 (21.8&#x0025;)</entry>
</row>
<row>
<entry align="left" colname="col1" indentLevel="1">DAA&#x2010;based</entry>
<entry align="left" colname="col2">12 (18.8&#x0025;)</entry>
</row>
<row>
<entry align="left" colname="col1" indentLevel="1">PEG&#x2010;IFN&#x00A0;&#x00B1;&#x00A0;RBV</entry>
<entry align="left" colname="col2">49 (76.6&#x0025;)</entry>
</row>
<row>
<entry align="left" colname="col1" indentLevel="1">Other regimen</entry>
<entry align="left" colname="col2">3 (4.7&#x0025;)</entry>
</row>
<row>
<entry align="left" colname="col1">HCV&#x002F;HIV co&#x2010;infection</entry>
<entry align="left" colname="col2">28 (9.2&#x0025;)</entry>
</row>
<row>
<entry align="left" colname="col1" indentLevel="1">HIV RNA, copies&#x002F;mL</entry>
<entry align="left" colname="col2">&#x003C;LLOQ (&#x003C;LLOQ &#x2212; 1.54&#x00A0;&#x00D7;&#x00A0;10<sup>6</sup>)</entry>
</row>
<row>
<entry align="left" colname="col1" indentLevel="1">CD4<sup>&#x002B;</sup> T&#x2010;cells, cells&#x002F;&#x03BC;L</entry>
<entry align="left" colname="col2">624 (137&#x2010;2487)</entry>
</row>
<row>
<entry align="left" colname="col1" indentLevel="1">On stable ART<link href="#apt14592-note-0008">a</link></entry>
<entry align="left" colname="col2">26 (92.9&#x0025;)</entry>
</row>
<row>
<entry align="left" colname="col1">Haemoglobin, g&#x002F;dL</entry>
<entry align="left" colname="col2">14.4 (10.0&#x2010;19.2)</entry>
</row>
<row>
<entry align="left" colname="col1">Platelets, cells&#x002F;nL</entry>
<entry align="left" colname="col2">197 (39&#x2010;471)</entry>
</row>
<row>
<entry align="left" colname="col1">ALT, &#x00D7;&#x2010;fold ULN</entry>
<entry align="left" colname="col2">1.7&#x00D7; (0.3&#x2010;8.3)</entry>
</row>
<row>
<entry align="left" colname="col1">Bilirubin, mg&#x002F;dL</entry>
<entry align="left" colname="col2">0.5 (0.1&#x2010;3.4)</entry>
</row>
<row>
<entry align="left" colname="col1">Albumin, g&#x002F;dL</entry>
<entry align="left" colname="col2">41.7 (19&#x2010;51.7)</entry>
</row>
<row>
<entry align="left" colname="col1">INR</entry>
<entry align="left" colname="col2">1.03 (0.85&#x2010;2.70)</entry>
</row>
</tbody>
</tgroup>
</table>
<noteGroup xml:id="apt14592-ntgp-0002">
<note numbered="no" xml:id="apt14592-note-0006">
<p>ALT, alanine transaminase; ART, antiretroviral therapy; CD, cluster of differentiation; DAA, direct&#x2010;acting antiviral; HCV, hepatitis C virus; HIV, human immunodeficiency virus&#x2010;1; INR, international normalised ratio; LLOQ, lower limit of quantification; RNA, ribonucleic acid; RBV, ribavirin; ULN, upper limit of normal.</p>
</note>
<note numbered="no" xml:id="apt14592-note-0007">
<p>Continuous variables are displayed as median and range, and categorical variables as n and percentage.</p>
</note>
<note xml:id="apt14592-note-0008">
<p>ART regimen was recently switched in 1 patient.</p>
</note>
</noteGroup>
</tabular>
<p>Sixty&#x2010;four patients (21.8&#x0025;) had previously received antiviral HCV therapy. Among these, 49 patients had received (PEG)&#x2010;IFN with or without RBV, 3 patients had previously taken part in a clinical HCV trial with the cyclophilin inhibitor alisporivir plus RBV, and 12 patients had received SOF&#x2010;based DAA regimens. Twenty&#x2010;eight patients (9.6&#x0025;) were HCV&#x002F;HIV co&#x2010;infected.</p>
<p>A total of 222 and 214 out of 293 patients were eligible for mITT and PP analysis, respectively (see Figure&#x00A0;<link href="#apt14592-fig-0001"/>).</p>
<figure xml:id="apt14592-fig-0001">
<mediaResourceGroup>
<mediaResource alt="image" href="urn:x-wiley:02692813:media:apt14592:apt14592-fig-0001"/>
<mediaResource alt="image" href="image_m/apt14592-fig-0001-m.png" mimeType="image/png" rendition="webHiRes"/>
<mediaResource alt="image" href="image_n/apt14592-fig-0001.png" mimeType="image/png" rendition="webOriginal"/>
<mediaResource alt="image" href="image_t/apt14592-fig-0001-t.gif" mimeType="image/gif" rendition="webLoRes"/>
</mediaResourceGroup>
<caption>Study flow design. Distribution of patients into overall cohort, modified intention&#x2010;to&#x2010;treat population (<fc>mITT</fc>) and per&#x2010;protocol population (<fc>PP</fc>) with indication of statistical analysis for each population. &#x002A;Judged as not treatment&#x2010;related</caption>
</figure>
</section>
<section xml:id="apt14592-sec-0012">
<title type="main">Efficacy outcome and safety analysis</title>
<p>Overall, 95.9&#x0025; (213&#x002F;222) of the <i>mITT population</i> and 99.5&#x0025; of the <i>PP population</i> achieved SVR12 (see Figure&#x00A0;<link href="#apt14592-fig-0002"/>). In the entire cohort, there was only 1 patient with virological relapse, which occurred 4&#x00A0;weeks after end of therapy. This was a 53&#x2010;year&#x2010;old male patient with compensated cirrhosis (CPT score A) who had previously been treated with sofosbuvir and RBV for 24&#x00A0;weeks and in whom a virological relapse had occurred thereafter. Following negative screening for NS5A RASs at baseline, this patient was now retreated with SOF&#x002F;VEL without RBV for 12&#x00A0;weeks at the discretion of the treating physician.</p>
<figure xml:id="apt14592-fig-0002">
<mediaResourceGroup>
<mediaResource alt="image" href="urn:x-wiley:02692813:media:apt14592:apt14592-fig-0002"/>
<mediaResource alt="image" href="image_m/apt14592-fig-0002-m.png" mimeType="image/png" rendition="webHiRes"/>
<mediaResource alt="image" href="image_n/apt14592-fig-0002.png" mimeType="image/png" rendition="webOriginal"/>
<mediaResource alt="image" href="image_t/apt14592-fig-0002-t.gif" mimeType="image/gif" rendition="webLoRes"/>
</mediaResourceGroup>
<caption><fc>SVR</fc>12 rates. Modified intention&#x2010;to&#x2010;treat (<fc>mITT</fc>) and per&#x2010;protocol (<fc>PP</fc>) analysis of <fc>SVR</fc>12 rates of <fc>SOF</fc>&#x002F;<fc>VEL</fc> &#x00B1; <fc>RBV</fc> of the entire cohort (overall), patients with cirrhosis (cirrhosis), treatment&#x2010;naive patients (<fc>TN</fc>), treatment&#x2010;experienced patients without <fc>DAA</fc>&#x2010;based regimen (<fc>TE</fc>, non&#x2010;<fc>DAA</fc>), patients previously treated with <fc>DAA</fc>&#x2010;based regimen (<fc>DAA</fc>&#x2010;pre&#x2010;treated), patients with <fc>HCV</fc>&#x002F;<fc>HIV</fc> co&#x2010;infection (<fc>HCV</fc>&#x002F;<fc>HIV</fc>), and patients with detection of <fc>NS</fc>5A baseline <fc>RAS</fc> (<fc>NS</fc>5A <fc>RAS</fc>&#x002B;). Of note, only 1 virological failure occurred in a cirrhotic, <fc>DAA</fc>&#x2010;pre&#x2010;treated patient</caption>
</figure>
<p>Subgroup analysis revealed SVR12 rates (mITT and PP, respectively) of 93.2&#x0025; (55&#x002F;59) and 98.2&#x0025; (55&#x002F;56) in cirrhotic patients, 97&#x0025; (162&#x002F;167) and 100&#x0025; (162&#x002F;162) in treatment&#x2010;naive patients, and 97.7&#x0025; (43&#x002F;44) and 100&#x0025; (43&#x002F;43) in non&#x2010;DAA treatment&#x2010;experienced patients, respectively. All HCV&#x002F;HIV co&#x2010;infected patients achieved SVR12 (100&#x0025; in mITT and 100&#x0025;, in PP, 19&#x002F;19 each). In patients with NS5A RASs at baseline, 95.5&#x0025; (21&#x002F;22) and 100&#x0025; (21&#x002F;21) achieved SVR12 in mITT and PP, respectively. Patients who had previously received DAA&#x2010;based therapy, ie, SOF&#x2010;containing regimens, showed statistically lower SVR12 rates of 72.7&#x0025; (8&#x002F;11) and 88.9&#x0025; (8&#x002F;9) in mITT and PP, respectively.</p>
<p>There were 2 deaths in the <i>mITT population</i>, which occurred during treatment and were judged as not treatment&#x2010;related by the treating physician (cardiac arrest at week 4 and fatal gastrointestinal bleeding at week 8 of antiviral treatment, both patients had compensated cirrhosis), and 6 patients were lost to follow&#x2010;up (2.7&#x0025;). There was no pre&#x2010;terminal cessation of the medication due to adverse events observed in the <i>safety population</i> (n&#x00A0;&#x003D;&#x00A0;293).</p>
<p>Subgroup analysis of patients who had available follow&#x2010;up data at 4&#x00A0;weeks after end of treatment showed SVR rates of 96.2&#x0025; (230&#x002F;239) and 99.6&#x0025; (230&#x002F;231) in <i>mITT and PP populations</i>, respectively (see Figure&#xA0;<link href="#apt14592-sup-0001">S1</link> for details).</p>
</section>
<section xml:id="apt14592-sec-0013">
<title type="main">Use of ribavirin and impact on treatment outcome</title>
<p>To investigate the impact of RBV on treatment outcome, we assessed the use of RBV in cirrhotic and noncirrhotic patients and compared SVR12 rates between these groups. In the <i>overall cohort</i>, 54 patients (18.9&#x0025;) were treated with SOF&#x002F;VEL plus RBV. Of note, the decision whether RBV was added or not was at the discretion of the treating physician. RBV was used more frequently in cirrhotic patients compared to noncirrhotic patients (43&#x002F;73 vs 11&#x002F;219, <i>P</i>&#x00A0;&#x003C;&#x00A0;0.001). In order to test whether the decision to add RBV to SOF&#x002F;VEL in patients with compensated cirrhosis (CPT score A) was influenced by severity of liver disease or patient history, we compared baseline characteristics between these 2 patient groups. Platelet count at baseline was significantly lower in compensated cirrhotic patients who received RBV compared to those who did not (102 vs 156 cells&#x002F;nL, <i>P</i>&#x00A0;&#x003D;&#x00A0;0.010), whereas other markers for severity of liver disease (eg, liver stiffness, bilirubin, albumin, INR), previous HCV therapy, baseline NS5A RASs or HCV&#x002F;HIV co&#x2010;infection were not significantly different between the 2 groups. As expected, RBV led to a decrease in haemoglobin levels, but without clinical significance (see Table&#x00A0;<link href="#apt14592-sup-0001">S2</link>). Among compensated and decompensated cirrhotic patients who were available for per&#x2010;protocol analysis (n&#x00A0;&#x003D;&#x00A0;56), all patients treated with RBV achieved SVR12 (35&#x002F;35, 100&#x0025; [PP]), whereas the only relapse was in the subgroup of cirrhotic patients who were treated without RBV (n&#x00A0;&#x003D;&#x00A0;21, SVR12: 20&#x002F;21, 95.2&#x0025; [PP]).</p>
<p>In noncirrhotic patients, RBV was more frequently used in DAA&#x2010;pre&#x2010;treated patients compared to all other noncirrhotic patients (3&#x002F;5 vs 8&#x002F;214, <i>P</i>&#x00A0;&#x003D;&#x00A0;0.001) and in patients with NS5A RASs at baseline compared to patients without (6&#x002F;22 vs 3&#x002F;153, <i>P</i>&#x00A0;&#x003C;&#x00A0;0.001). All noncirrhotic patients who were available for per&#x2010;protocol analysis (n&#x00A0;&#x003D;&#x00A0;158) achieved SVR12, independent of RBV (8&#x002F;8 with RBV and 150&#x002F;150 without RBV, 100&#x0025; [PP], respectively).</p>
</section>
<section xml:id="apt14592-sec-0014">
<title type="main">Prevalence of baseline RASs and impact on treatment outcome</title>
<p>In a total of 251&#x002F;293 patients (85.7&#x0025;), baseline serum samples were tested for NS5A RASs. RASs could not be evaluated in 14 patients due to technical failure of the sequence analysis assay, resulting in a total of 237&#x002F;293 patients (80.9&#x0025;) with successful RAS testing.</p>
<p>The overall prevalence of clinically relevant NS5A RASs was 11.8&#x0025; (28&#x002F;237). High&#x2010;level RASs (Y93H) were found in 4.6&#x0025; (11&#x002F;237) and medium&#x2010;level RASs (A30K, L31M) were found in 7.2&#x0025; (17&#x002F;237), 2 of whom had both RASs detectable. There were no VEL&#x2010;specific low&#x2010;level RASs detected in this study population.</p>
<p>All patients with baseline NS5A RASs achieved SVR12 in the PP analysis (21&#x002F;21, see Table&#x00A0;<link href="#apt14592-tbl-0002"/>). Among noncirrhotic patients with baseline Y93H, 4 patients received RBV and another 4 patients did not, all 8 of whom achieved SVR12. Among cirrhotic patients, there was only 1 patient with baseline Y93H. This patient received SOF&#x002F;VEL plus RBV for 12&#x00A0;weeks and achieved SVR12. All ten patients with baseline A30K RAS achieved SVR12.</p>
<tabular copyright="John Wiley &#x0026; Sons, Ltd" xml:id="apt14592-tbl-0002">
<title type="main">Impact of baseline NS5A RAS on treatment outcome</title>
<table colsep="0" frame="topbot" pgwide="1" rowsep="0">
<tgroup cols="5">
<colspec colname="col1" colnum="1" colsep="0"></colspec>
<colspec colname="col2" colnum="2" colsep="0"></colspec>
<colspec colname="col3" colnum="3" colsep="0"></colspec>
<colspec colname="col4" colnum="4" colsep="0"></colspec>
<colspec colname="col5" colnum="5" colsep="0"></colspec>
<thead valign="top">
<row rowsep="1">
<entry align="left" colname="col1" morerows="2"></entry>
<entry align="left" nameend="col5" namest="col2" rowsep="1">SVR12 (PP)</entry>
</row>
<row rowsep="1">
<entry align="left" nameend="col3" namest="col2" rowsep="1">Without RBV</entry>
<entry align="left" nameend="col5" namest="col4" rowsep="1">With RBV</entry>
</row>
<row rowsep="1">
<entry align="left" colname="col2">n&#x002F;n (TE)</entry>
<entry align="left" colname="col3">&#x0025;</entry>
<entry align="left" colname="col4">n&#x002F;n (TE)</entry>
<entry align="left" colname="col5">&#x0025;</entry>
</row>
</thead>
<tbody>
<row>
<entry align="left" nameend="col5" namest="col1">Noncirrhotic patients</entry>
</row>
<row>
<entry align="left" colname="col1" indentLevel="1">High level NS5A RAS (Y93H)</entry>
<entry align="left" colname="col2">4&#x002F;4 (1)</entry>
<entry align="left" colname="col3">100</entry>
<entry align="left" colname="col4">4&#x002F;4 (0)</entry>
<entry align="left" colname="col5">100</entry>
</row>
<row>
<entry align="left" colname="col1" indentLevel="1">Medium&#x2010;level NS5A RAS (A30K, L31M)<link href="#apt14592-note-0011">a</link></entry>
<entry align="left" colname="col2">8&#x002F;8 (2)</entry>
<entry align="left" colname="col3">100</entry>
<entry align="left" colname="col4">0</entry>
<entry align="left" colname="col5">&#x2013;</entry>
</row>
<row>
<entry align="left" nameend="col5" namest="col1">Cirrhotic patients</entry>
</row>
<row>
<entry align="left" colname="col1" indentLevel="1">High level NS5A RAS (Y93H)</entry>
<entry align="left" colname="col2">0</entry>
<entry align="left" colname="col3">&#x2013;</entry>
<entry align="left" colname="col4">1&#x002F;1 (1)</entry>
<entry align="left" colname="col5">100</entry>
</row>
<row>
<entry align="left" colname="col1" indentLevel="1">Medium&#x2010;level NS5A RAS (A30K, L31M)<link href="#apt14592-note-0011">a</link></entry>
<entry align="left" colname="col2">0</entry>
<entry align="left" colname="col3">&#x2013;</entry>
<entry align="left" colname="col4">4&#x002F;4 (2)</entry>
<entry align="left" colname="col5">100</entry>
</row>
</tbody>
</tgroup>
</table>
<noteGroup xml:id="apt14592-ntgp-0003">
<note numbered="no" xml:id="apt14592-note-0009">
<p>NS5A, nonstructural protein 5A; RAS, resistance&#x2010;associated substitution; RBV, ribavirin; SVR, sustained virological response.</p>
</note>
<note numbered="no" xml:id="apt14592-note-0010">
<p>Detailed efficacy of sofosbuvir&#x002F;velpatasvir in patients with baseline NS5A RASs according to utilisation of RBV in noncirrhotic and cirrhotic patients (n&#x00A0;&#x003D;&#x00A0;21, per&#x2010;protocol analysis [PP]). Number of treatment&#x2010;experienced (TE) patients in each subgroup is displayed in parenthesis.</p>
</note>
<note xml:id="apt14592-note-0011">
<p>One patient had both NS5A RAS detectable.</p>
</note>
</noteGroup>
</tabular>
</section>
<section xml:id="apt14592-sec-0015">
<title type="main">Efficacy and safety in patients with HCV&#x002F;HIV co&#x2010;infection</title>
<p>Overall, 28 patients (9.6&#x0025;) were co&#x2010;infected with HCV&#x002F;HIV (detailed characteristics in Table&#x00A0;<link href="#apt14592-sup-0001">S1</link>). Cirrhosis was present in 5 patients with HIV&#x002F;HCV co&#x2010;infection (17.9&#x0025;), and 8 patients (28.6&#x0025;) had received previous antiviral HCV therapy, including 1 patient with previous SOF&#x002F;LDV therapy. Intravenous drug abuse was the most frequent route of infection in this subgroup (57.1&#x0025;). Twenty&#x2010;six patients (92.9&#x0025;) were on stable antiretroviral therapy (ART), in 2 patients ART had been switched or started a few weeks prior to the start of SOF&#x002F;VEL therapy, respectively. Not surprisingly, nucleoside&#x002F;nucleotide reverse transcriptase inhibitor were part of the majority of ART regimens (24&#x002F;28, 85.7&#x0025;). The NRTI tenofovir disoproxil fumarate (TDF) was included in 8 regimens, but switched to tenofovir alafenamide in 1 case at start of SOF&#x002F;VEL. Twenty&#x2010;two, eleven, and four regimens included integrase inhibitors, protease inhibitors and non&#x2010;nucleoside&#x002F;nucleotide reverse transcriptase inhibitors, respectively.</p>
<p>A total of 19 patients were available for mITT and PP analysis, all of whom achieved SVR12 (100&#x0025;, see Figure&#x00A0;<link href="#apt14592-fig-0002"/>) whereas 3 additional patients achieved SVR4 and 6 patients were still on treatment at time of data analysis. No safety issues were reported in the subgroup of patients with HIV&#x002F;HCV co&#x2010;infection.</p>
</section>
<section xml:id="apt14592-sec-0016">
<title type="main">Efficacy and safety in patients with previous DAA&#x2010;based therapy</title>
<p>Due to our observational study design, our cohort also contained patients who had previously been treated with DAA&#x2010;based regimens at the discretion of their treating physicians. In detail, our cohort included a total of 12 DAA&#x2010;pre&#x2010;treated patients, all of whom had received SOF&#x2010;based regimens in the past (detailed characteristics are shown in Table&#x00A0;<link href="#apt14592-tbl-0003"/>). This subgroup predominantly consisted of male patients (91.7&#x0025;). Cirrhosis and baseline NS5A RASs were present in this subgroup in 58.3&#x0025; and 18.2&#x0025;, respectively. Nine patients were available for PP. RBV was used in 5 out of 9 patients. Eight out of nine patients achieved SVR12 in the PP analysis (88.9&#x0025; [PP], see Figure&#x00A0;<link href="#apt14592-fig-0002"/>). As already mentioned, the relapse occurred in a patient who was treated with SOF&#x002F;VEL without RBV. Apart from the 2 patients who died during treatment due to nontreatment&#x2010;related events (see above), no severe adverse events occurred in this subgroup.</p>
<tabular copyright="John Wiley &#x0026; Sons, Ltd" xml:id="apt14592-tbl-0003">
<title type="main">Characteristics of patients with prior DAA&#x2010;based antiviral therapy</title>
<table colsep="0" frame="topbot" pgwide="1" rowsep="0">
<tgroup cols="10">
<colspec colname="col1" colnum="1" colsep="0"></colspec>
<colspec colname="col2" colnum="2" colsep="0"></colspec>
<colspec colname="col3" colnum="3" colsep="0"></colspec>
<colspec colname="col4" colnum="4" colsep="0"></colspec>
<colspec colname="col5" colnum="5" colsep="0"></colspec>
<colspec colname="col6" colnum="6" colsep="0"></colspec>
<colspec colname="col7" colnum="7" colsep="0"></colspec>
<colspec colname="col8" colnum="8" colsep="0"></colspec>
<colspec colname="col9" colnum="9" colsep="0"></colspec>
<colspec colname="col10" colnum="10" colsep="0"></colspec>
<thead valign="top">
<row rowsep="1">
<entry align="left" colname="col1" morerows="1">Age, Gender</entry>
<entry align="left" colname="col2" morerows="1">Cirrhosis</entry>
<entry align="left" colname="col3" morerows="1">HIV co&#x2010;infection</entry>
<entry align="left" nameend="col5" namest="col4" rowsep="1">Previous HCV&#x2010;treatment</entry>
<entry align="left" nameend="col8" namest="col6" rowsep="1">Current HCV&#x2010;treatment</entry>
<entry align="left" colname="col9" morerows="1">Baseline NS5A RAS</entry>
<entry align="left" colname="col10" morerows="1">Outcome</entry>
</row>
<row rowsep="1">
<entry align="left" colname="col4">DAA</entry>
<entry align="left" colname="col5">RBV</entry>
<entry align="left" colname="col6">DAA</entry>
<entry align="left" colname="col7">RBV</entry>
<entry align="left" colname="col8">Duration (weeks)</entry>
</row>
</thead>
<tbody>
<row>
<entry align="left" colname="col1">38, m</entry>
<entry align="left" colname="col2">None</entry>
<entry align="left" colname="col3">None</entry>
<entry align="left" colname="col4">SOF&#x002F;DCV</entry>
<entry align="left" colname="col5">No</entry>
<entry align="left" colname="col6">SOF&#x002F;VEL</entry>
<entry align="left" colname="col7">None</entry>
<entry align="left" colname="col8">12</entry>
<entry align="left" colname="col9">None<link href="#apt14592-note-0015"/></entry>
<entry align="left" colname="col10">SVR12</entry>
</row>
<row>
<entry align="left" colname="col1">43, m</entry>
<entry align="left" colname="col2">None</entry>
<entry align="left" colname="col3">Yes CDC C3</entry>
<entry align="left" colname="col4">SOF&#x002F;LDV</entry>
<entry align="left" colname="col5">No</entry>
<entry align="left" colname="col6">SOF&#x002F;VEL</entry>
<entry align="left" colname="col7">None</entry>
<entry align="left" colname="col8">12</entry>
<entry align="left" colname="col9">None</entry>
<entry align="left" colname="col10">SVR24</entry>
</row>
<row>
<entry align="left" colname="col1">56, m</entry>
<entry align="left" colname="col2">None</entry>
<entry align="left" colname="col3">None</entry>
<entry align="left" colname="col4">SOF&#x002F;DCV</entry>
<entry align="left" colname="col5">No</entry>
<entry align="left" colname="col6">SOF&#x002F;VEL</entry>
<entry align="left" colname="col7">Yes</entry>
<entry align="left" colname="col8">24</entry>
<entry align="left" colname="col9">A30K</entry>
<entry align="left" colname="col10">On treatment</entry>
</row>
<row>
<entry align="left" colname="col1">74, m</entry>
<entry align="left" colname="col2">None</entry>
<entry align="left" colname="col3">None</entry>
<entry align="left" colname="col4">SOF&#x002F;LDV</entry>
<entry align="left" colname="col5">No</entry>
<entry align="left" colname="col6">SOF&#x002F;VEL</entry>
<entry align="left" colname="col7">Yes</entry>
<entry align="left" colname="col8">12</entry>
<entry align="left" colname="col9">None</entry>
<entry align="left" colname="col10">SVR12</entry>
</row>
<row>
<entry align="left" colname="col1">35, m</entry>
<entry align="left" colname="col2">None</entry>
<entry align="left" colname="col3">None</entry>
<entry align="left" colname="col4">SOF</entry>
<entry align="left" colname="col5">Yes</entry>
<entry align="left" colname="col6">SOF&#x002F;VEL</entry>
<entry align="left" colname="col7">Yes</entry>
<entry align="left" colname="col8">12</entry>
<entry align="left" colname="col9">None</entry>
<entry align="left" colname="col10">SVR24</entry>
</row>
<row>
<entry align="left" colname="col1">53, m</entry>
<entry align="left" colname="col2">Yes, CPT A</entry>
<entry align="left" colname="col3">None</entry>
<entry align="left" colname="col4">SOF</entry>
<entry align="left" colname="col5">Yes</entry>
<entry align="left" colname="col6">SOF&#x002F;VEL</entry>
<entry align="left" colname="col7">None</entry>
<entry align="left" colname="col8">12</entry>
<entry align="left" colname="col9">None</entry>
<entry align="left" colname="col10">Relapse FU12</entry>
</row>
<row>
<entry align="left" colname="col1">63, m</entry>
<entry align="left" colname="col2">Yes, CPT A</entry>
<entry align="left" colname="col3">None</entry>
<entry align="left" colname="col4">SOF</entry>
<entry align="left" colname="col5">Yes</entry>
<entry align="left" colname="col6">SOF&#x002F;VEL</entry>
<entry align="left" colname="col7">None</entry>
<entry align="left" colname="col8">12</entry>
<entry align="left" colname="col9">None</entry>
<entry align="left" colname="col10">SVR24</entry>
</row>
<row>
<entry align="left" colname="col1">57, f</entry>
<entry align="left" colname="col2">Yes, CPT A</entry>
<entry align="left" colname="col3">None</entry>
<entry align="left" colname="col4">SOF</entry>
<entry align="left" colname="col5">Yes</entry>
<entry align="left" colname="col6">SOF&#x002F;VEL</entry>
<entry align="left" colname="col7">Yes</entry>
<entry align="left" colname="col8">12</entry>
<entry align="left" colname="col9">None</entry>
<entry align="left" colname="col10">Death week 4</entry>
</row>
<row>
<entry align="left" colname="col1">55, m</entry>
<entry align="left" colname="col2">Yes, CPT A</entry>
<entry align="left" colname="col3">None</entry>
<entry align="left" colname="col4">SOF&#x002F;LDV</entry>
<entry align="left" colname="col5">Yes</entry>
<entry align="left" colname="col6">SOF&#x002F;VEL</entry>
<entry align="left" colname="col7">Yes</entry>
<entry align="left" colname="col8">24</entry>
<entry align="left" colname="col9">None</entry>
<entry align="left" colname="col10">Death week 8</entry>
</row>
<row>
<entry align="left" colname="col1">53, m</entry>
<entry align="left" colname="col2">Yes, CPT A</entry>
<entry align="left" colname="col3">None</entry>
<entry align="left" colname="col4">SOF</entry>
<entry align="left" colname="col5">Yes</entry>
<entry align="left" colname="col6">SOF&#x002F;VEL</entry>
<entry align="left" colname="col7">Yes</entry>
<entry align="left" colname="col8">12</entry>
<entry align="left" colname="col9">None</entry>
<entry align="left" colname="col10">SVR12</entry>
</row>
<row>
<entry align="left" colname="col1">59, m<link href="#apt14592-note-0015"/></entry>
<entry align="left" colname="col2">Yes, CPT B</entry>
<entry align="left" colname="col3">None</entry>
<entry align="left" colname="col4">SOF&#x002F;LDV</entry>
<entry align="left" colname="col5">Yes</entry>
<entry align="left" colname="col6">SOF&#x002F;VEL</entry>
<entry align="left" colname="col7">Yes</entry>
<entry align="left" colname="col8">12</entry>
<entry align="left" colname="col9">A30K</entry>
<entry align="left" colname="col10">SVR12</entry>
</row>
<row>
<entry align="left" colname="col1">64, m</entry>
<entry align="left" colname="col2">Yes, CPT A</entry>
<entry align="left" colname="col3">None</entry>
<entry align="left" colname="col4">SOF</entry>
<entry align="left" colname="col5">Yes</entry>
<entry align="left" colname="col6">SOF&#x002F;VEL</entry>
<entry align="left" colname="col7">Yes</entry>
<entry align="left" colname="col8">12</entry>
<entry align="left" colname="col9">Not tested</entry>
<entry align="left" colname="col10">SVR12</entry>
</row>
</tbody>
</tgroup>
</table>
<noteGroup xml:id="apt14592-ntgp-0004">
<note numbered="no" xml:id="apt14592-note-0012">
<p>CDC, U.S. Centers for Disease Control and Prevention classification; CPT, Child Pugh Turcotte classification; DAA, direct&#x2010;acting antiviral; DCV, daclatasvir; f, female; HCV, hepatitis C virus; HIV, human immunodeficiency virus&#x2010;1; LDV, ledipasvir; m, male; NS5A, nonstructural protein 5A; RAS, resistance&#x2010;associated substitution; SOF, sofosbuvir; SVR, sustained virological response, VEL, velpatasvir.</p>
</note>
<note numbered="no" xml:id="apt14592-note-0013">
<p>Displayed are patients with prior DAA&#x2010;based therapy ordered by presence of cirrhosis, utilisation of ribavirin (RBV) and outcome of current HCV therapy.</p>
</note>
<note xml:id="apt14592-note-0014">
<p>After SOF&#x002F;DAC, Y93H was detectable, but was repeatedly tested negative over a time of &#x003E;6&#x00A0;months before SOF&#x002F;VEL was started.</p>
</note>
<note xml:id="apt14592-note-0015">
<p>This patient possibly suffered from re&#x2010;infection after initial HCV therapy.</p>
</note>
</noteGroup>
</tabular>
</section>
<section xml:id="apt14592-sec-0017">
<title type="main">Efficacy and safety in patients with decompensated cirrhosis</title>
<p>Our cohort included 9 patients with decompensated cirrhosis (CPT score B, 12.3&#x0025; of all cirrhotic patients), and all of them achieved SVR12 (100&#x0025; [PP]). Eight out of nine patients were treated with SOF&#x002F;VEL plus RBV, of whom 2 patients had medium&#x2010;level NS5A RASs (A30K) at baseline. Of note, there were no liver&#x2010;related events or other safety concerns in this subgroup.</p>
</section>
</section>
<section xml:id="apt14592-sec-0018">
<title type="main">DISCUSSION</title>
<p>In this study, we assessed for the first time the real&#x2010;world efficacy of SOF&#x002F;VEL and the impact of baseline NS5A RASs on treatment outcome in HCV GT3 infection.</p>
<p>Twelve weeks of SOF&#x002F;VEL with and without RBV resulted in 95.9&#x0025; (mITT analysis) and 99.5&#x0025; (PP analysis) SVR12. Previous real&#x2010;world data of patients with HCV GT3 infection, who were treated with SOF&#x2010;based regimens not containing VEL, had shown inferior efficacy compared to the respective approval trials, particularly in patients with cirrhosis and&#x002F;or other negative predictive baseline factors.<link href="#apt14592-bib-0018 #apt14592-bib-0021 #apt14592-bib-0022"/> In contrast, our data mirror the results of the respective SOF&#x002F;VEL ASTRAL&#x2010;3 study with an overall SVR rate of 95&#x0025;.<link href="#apt14592-bib-0011"/></p>
<p>In our entire study population, there was only 1 patient who experienced virological relapse. This patient suffered compensated cirrhosis and had previously been treated with SOF plus RBV for 24&#x00A0;weeks. He was now retreated with SOF&#x002F;VEL without RBV for 12&#x00A0;weeks, which, in retrospect, may have been suboptimal as recent data suggest that 12&#x00A0;weeks of SOF&#x002F;VEL alone may be insufficient to cure patients with previous SOF experience.<link href="#apt14592-bib-0023"/> Moreover, recent guidelines recommended that patients with DAA failure should be retreated with SOF plus NS5A inhibitor, or SOF plus NS5A&#x2010; and NS3 protease inhibitor plus RBV for 12&#x2010;24&#x00A0;weeks, if classified as &#x201C;difficult&#x2010;to&#x2010;cure&#x201D;, ie, patients with advanced fibrosis or cirrhosis.<link href="#apt14592-bib-0024"/> However, these recommendations were based on pharmacological and virological considerations rather than evidence from clinical trials. More recently, a triple DAA combination therapy containing SOF&#x002F;VEL and the NS3 protease inhibitor voxilaprevir was shown to be superior to SOF&#x002F;VEL alone in patients who failed a DAA&#x2010;based regimen without NS5A inhibitor, and superior to matching placebo in patients who failed an NS5A inhibitor containing regimen in 2 phase 3 clinical trials with SVR12 rates of 96&#x0025;&#x2010;98&#x0025;.<link href="#apt14592-bib-0023"/> This regimen was recently approved for the treatment of DAA&#x2010;experienced patients by the European Medicines Agency and U.S. Food and Drug Administration.</p>
<p>The use of RBV in combination with SOF&#x002F;VEL in genotype 3 has so far only been studied in decompensated cirrhosis and in a 24&#x2010;week retreatment study after previous SOF&#x002F;VEL failure. Interestingly, both studies showed SVR rates below 90&#x0025;.<link href="#apt14592-bib-0025 #apt14592-bib-0026"/></p>
<p>In our study, 8 out of 9 SOF&#x2010;pre&#x2010;treated patients achieved SVR12, despite receiving only 12&#x00A0;weeks of therapy. Although the patient numbers are too small to draw any definitive conclusions, we believe that retreatment with SOF&#x002F;VEL plus RBV for 12&#x00A0;weeks in SOF&#x2010;pre&#x2010;treated patients may be feasible in some cases, particularly when there are contraindications to voxilaprevir or glecaprevir&#x002F;pibrentasvir (eg, decompensated cirrhosis) or availability is limited, but larger datasets are needed in order to give firm recommendations.</p>
<p>Presence of baseline RASs (Y93H and A30K) in the NS5A gene has been associated with decreased in&#xA0;vitro activity of the NS5A inhibitors daclatasvir and VEL, and lower SVR rates were reported in clinical trials.<link href="#apt14592-bib-0027 #apt14592-bib-0028"/> In the ASTRAL&#x2010;3 study, patients who were treated with SOF&#x002F;VEL achieved 84&#x0025; SVR in the presence of Y93H compared to 97&#x0025; in patients without Y93H.<link href="#apt14592-bib-0011"/> Moreover, Y93H could be detected in all 10 GT3 patients from ASTRAL&#x2010;3 who experienced virological relapse.<link href="#apt14592-bib-0013"/> Based on these findings, recent clinical practice guidelines recommend RAS testing before the initiation of SOF&#x002F;VEL therapy in treatment&#x2010;experienced patients with or without cirrhosis, and addition of RBV is recommended in noncirrhotic and cirrhotic patients in the presence of baseline Y93H.<link href="#apt14592-bib-0024 #apt14592-bib-0029"/></p>
<p>In our study, neither the high&#x2010;level NS5A RAS Y93H, nor the medium&#x2010;level NS5A RASs A30K and L31M were associated with lower SVR12, regardless of the use of RBV. This may be due to the fact that the RAS prevalence was rather low in our study. However, our findings are in line with recent findings that showed a low NS5A RAS prevalence in Germany, ranging from 2&#x0025; to 7&#x0025; only.<link href="#apt14592-bib-0030"/> Thus, our findings need to be handled with caution and no final recommendation can be made in respect to RAS testing prior to starting SOF&#x002F;VEL therapy.</p>
<p>In our study, the use of RBV did not seem to benefit patients with or without compensated cirrhosis. Interestingly, cirrhotic patients who received RBV tended not to have significantly more severe liver disease compared to those without RBV. The only relapse in our study occurred in a SOF&#x2010;experienced patient who had cirrhosis but did not receive RBV.</p>
<p>Our cohort contained 9 patients with decompensated cirrhosis (CPT score B), 8 of whom received SOF&#x002F;VEL plus RBV according to current guideline recommendations,<link href="#apt14592-bib-0024 #apt14592-bib-0029"/> and all achieved SVR12. In the ASTRAL&#x2010;4 study, GT3 patients who did not receive RBV had significantly lower SVR compared to patients with RBV (13&#x002F;26 [50&#x0025;] vs 11&#x002F;13 [85&#x0025;]).<link href="#apt14592-bib-0026"/> Despite the small number of patients, our data are encouraging and confirm the high efficacy of SOF&#x002F;VEL &#x002B; RBV in decompensated cirrhosis.</p>
<p>All 28 patients with HCV&#x002F;HIV co&#x2010;infection achieved SVR12. This is in line with recent data from our own group and others showing equally high SVR rates in HCV mono&#x2010;infected and HCV&#x002F;HIV co&#x2010;infected patients, although the number of co&#x2010;infected patients is clearly underrepresented in the present study.<link href="#apt14592-bib-0016 #apt14592-bib-0018"/> The potential for drug&#x2010;drug interactions between DAAs and ART has raised concerns in the past.<link href="#apt14592-bib-0031"/> It was particularly noted that TDF plasma exposure may increase in combination with NS5A inhibitors.<link href="#apt14592-bib-0032"/> However, we did not observe any significant decrease in estimated glomerular filtration rate in the 7 patients who were treated with TDF&#x2010;containing ART regimens during therapy with SOF&#x002F;VEL (data not shown).</p>
<p>Our study is subject to common limitations of real&#x2010;world studies. Particularly, results of comparative analyses of 2 subgroups, eg, treatment with and without RBV, need to be interpreted with caution because randomised controls are missing in a real&#x2010;world observational setting. The decision to add RBV to treatment was done at the treating physician&#x0027;s discretion, which poses a risk for selection bias.</p>
<p>In conclusion, we confirm an overall very high efficacy and safety of 12&#x00A0;weeks of SOF&#x002F;VEL in patients with HCV GT3 infection in a real&#x2010;world setting. While the prevalence of clinically relevant NS5A RASs was low, our data indicate that their impact may be of less importance than previously expected. Thus, addition of RBV may only be required in certain subgroups, including patients with previous DAA&#x2010;experience and&#x002F;or decompensated cirrhosis.</p>
</section>
<section numbered="no" type="acknowledgments" xml:id="apt14592-sec-0019">
<title type="main">ACKNOWLEDGEMENTS</title>
<p>We thank Florian Berger for assistance in statistical analysis, and Axel Adam, Thomas Buhk, Felix Piecha, Michael Sabranski, Guenther Schmutz and Hans&#x2010;Juergen Stellbrink for their help in data acquisition and&#x002F;or patient management.</p>
<p><i>Declaration of personal interests</i>: Dr. Vermehren reports personal fees from Abbott, AbbVie, Bristol Myers&#x2010;Squibb, Gilead, Medtronic, Merck&#x002F;MSD and Roche. Dr. Ingiliz reports personal fees from Gilead, ViiV, Abbvie, BMS, MSD and Janssen. Dr. Mauss reports personal fees from AbbVie, Gilead, Janssen, and Merck&#x002F;MSD. Dr. Baumgarten reports personal fees from Abbvie, BMS, Gilead, Janssen&#x2010;Cilag, MSD and ViiV. Dr. Simon reports personal fees from AbbVie, BMS, Gilead, Janssen, Merck&#x002F;MSD, Merz and Norgine. Dr. Schewe reports personal fees from Abbvie, BMS, Gilead, Hexal, Janssen&#x2010;Cilag, MSD and ViiV. Dr. Luebke reports personal fees from ViiV. Dr. Schulze zur Wiesch reports personal fees from AbbVie, Gilead and Merck&#x002F;MSD. Dr. Sarrazin reports personal fees from AbbVie, Abbott, BMS, Gilead, Janssen, Merck, and grants from Abbott, Gilead, Janssen and Siemens. Dr. Christensen reports personal fees from AbbVie, Bristol Myers&#x2010;Squibb, Gilead, Indivior, Janssen, Merck&#x002F;MSD and ViiV. The remaining authors have nothing to disclose regarding this manuscript.</p>
</section>
<section numbered="no" xml:id="apt14592-sec-0020">
<title type="main">AUTHORSHIP</title>
<p><i>Guarantor of the article</i>: Johann von Felden.</p>
<p><i>Author contributions</i>: JvF, JV, PI, SM, JSzW, SC: concept and design. JvF, JV, PI, SM, TL, KGS, HWB, AB, KS, DH, CB, JKR, MD, NL, JT, JSzW, CS, SC: data acquisition. JvF, JV: Data analysis and drafting the manuscript. PI, SM, JSzW, CS, SC: Critical review of the manuscript for intellectual input.</p>
<p>All authors have read and approved the final version of the manuscript.</p>
</section>
<bibliography cited="yes" style="numbered" xml:id="apt14592-bibl-0001">
<title type="main">REFERENCES</title>
<bib xml:id="apt14592-bib-0001">
<citation type="book" xml:id="apt14592-cit-0001"><bookTitle>Global Hepatitis Report 2017</bookTitle>. <publisherLoc>Geneva</publisherLoc>: <publisherName>World Health Organization</publisherName>; <pubYear year="2017">2017</pubYear>.</citation>
</bib>
<bib xml:id="apt14592-bib-0002">
<citation type="journal" xml:id="apt14592-cit-0002"><groupName>Polaris Observatory HCVC</groupName>. <articleTitle>Global prevalence and genotype distribution of hepatitis C virus infection in 2015: a modelling study</articleTitle>. <journalTitle>Lancet Gastroenterol Hepatol</journalTitle>. <pubYear year="2017">2017</pubYear>;<vol>2</vol>:<pageFirst>161</pageFirst>&#x2010;<pageLast>176</pageLast>.</citation>
</bib>
<bib xml:id="apt14592-bib-0003">
<citation type="journal" xml:id="apt14592-cit-0003"><author><familyName>Goossens</familyName> <givenNames>N</givenNames></author>, <author><familyName>Negro</familyName> <givenNames>F</givenNames></author>. <articleTitle>Is genotype 3 of the hepatitis C virus the new villain?</articleTitle> <journalTitle>Hepatology</journalTitle>. <pubYear year="2014">2014</pubYear>;<vol>59</vol>:<pageFirst>2403</pageFirst>&#x2010;<pageLast>2412</pageLast>.</citation>
</bib>
<bib xml:id="apt14592-bib-0004">
<citation type="journal" xml:id="apt14592-cit-0004"><author><familyNamePrefix>van der</familyNamePrefix> <familyName>Meer</familyName> <givenNames>AJ</givenNames></author>, <author><familyName>Veldt</familyName> <givenNames>BJ</givenNames></author>, <author><familyName>Feld</familyName> <givenNames>JJ</givenNames></author>, et&#x00A0;al. <articleTitle>Association between sustained virological response and all&#x2010;cause mortality among patients with chronic hepatitis C and advanced hepatic fibrosis</articleTitle>. <journalTitle>JAMA</journalTitle>. <pubYear year="2012">2012</pubYear>;<vol>308</vol>:<pageFirst>2584</pageFirst>&#x2010;<pageLast>2593</pageLast>.</citation>
</bib>
<bib xml:id="apt14592-bib-0005">
<citation type="journal" xml:id="apt14592-cit-0005"><author><familyName>Probst</familyName> <givenNames>A</givenNames></author>, <author><familyName>Dang</familyName> <givenNames>T</givenNames></author>, <author><familyName>Bochud</familyName> <givenNames>M</givenNames></author>, <author><familyName>Egger</familyName> <givenNames>M</givenNames></author>, <author><familyName>Negro</familyName> <givenNames>F</givenNames></author>, <author><familyName>Bochud</familyName> <givenNames>PY</givenNames></author>. <articleTitle>Role of hepatitis C virus genotype 3 in liver fibrosis progression&#x2013;a systematic review and meta&#x2010;analysis</articleTitle>. <journalTitle>J Viral Hepat</journalTitle>. <pubYear year="2011">2011</pubYear>;<vol>18</vol>:<pageFirst>745</pageFirst>&#x2010;<pageLast>759</pageLast>.</citation>
</bib>
<bib xml:id="apt14592-bib-0006">
<citation type="journal" xml:id="apt14592-cit-0006"><author><familyName>Leandro</familyName> <givenNames>G</givenNames></author>, <author><familyName>Mangia</familyName> <givenNames>A</givenNames></author>, <author><familyName>Hui</familyName> <givenNames>J</givenNames></author>, et&#x00A0;al. <articleTitle>Relationship between steatosis, inflammation, and fibrosis in chronic hepatitis C: a meta&#x2010;analysis of individual patient data</articleTitle>. <journalTitle>Gastroenterology</journalTitle>. <pubYear year="2006">2006</pubYear>;<vol>130</vol>:<pageFirst>1636</pageFirst>&#x2010;<pageLast>1642</pageLast>.</citation>
</bib>
<bib xml:id="apt14592-bib-0007">
<citation type="journal" xml:id="apt14592-cit-0007"><author><familyName>Andriulli</familyName> <givenNames>A</givenNames></author>, <author><familyName>Mangia</familyName> <givenNames>A</givenNames></author>, <author><familyName>Iacobellis</familyName> <givenNames>A</givenNames></author>, <author><familyName>Ippolito</familyName> <givenNames>A</givenNames></author>, <author><familyName>Leandro</familyName> <givenNames>G</givenNames></author>, <author><familyName>Zeuzem</familyName> <givenNames>S</givenNames></author>. <articleTitle>Meta&#x2010;analysis: the outcome of anti&#x2010;viral therapy in HCV genotype 2 and genotype 3 infected patients with chronic hepatitis</articleTitle>. <journalTitle>Aliment Pharmacol Ther</journalTitle>. <pubYear year="2008">2008</pubYear>;<vol>28</vol>:<pageFirst>397</pageFirst>&#x2010;<pageLast>404</pageLast>.</citation>
</bib>
<bib xml:id="apt14592-bib-0008">
<citation type="journal" xml:id="apt14592-cit-0008"><author><familyName>Schulze Zur Wiesch</familyName> <givenNames>J</givenNames></author>, <author><familyName>Pudelski</familyName> <givenNames>N</givenNames></author>, <author><familyName>Hoepner</familyName> <givenNames>L</givenNames></author>, et&#x00A0;al. <articleTitle>&#x201C;Real&#x2010;Life&#x201D; comparison of pegylated&#x2010;interferon 2a versus 2b combination therapy of chronic hepatitis C virus</articleTitle>. <journalTitle>Hepatology</journalTitle>. <pubYear year="2011">2011</pubYear>;<vol>53</vol>:<pageFirst>1405</pageFirst>&#x2010;<pageLast>1406</pageLast>; author reply 7.</citation>
</bib>
<bib xml:id="apt14592-bib-0009">
<citation type="journal" xml:id="apt14592-cit-0009"><author><familyName>Berden</familyName> <givenNames>FA</givenNames></author>, <author><familyName>Aaldering</familyName> <givenNames>BR</givenNames></author>, <author><familyName>Groenewoud</familyName> <givenNames>H</givenNames></author>, <author><familyName>IntHout</familyName> <givenNames>J</givenNames></author>, <author><familyName>Kievit</familyName> <givenNames>W</givenNames></author>, <author><familyName>Drenth</familyName> <givenNames>JP</givenNames></author>. <articleTitle>Identification of the best direct&#x2010;acting antiviral regimen for patients with hepatitis C virus genotype 3 infection: a systematic review and network meta&#x2010;analysis</articleTitle>. <journalTitle>Clin Gastroenterol Hepatol</journalTitle>. <pubYear year="2017">2017</pubYear>;<vol>15</vol>:<pageFirst>349</pageFirst>&#x2010;<pageLast>359</pageLast>.</citation>
</bib>
<bib xml:id="apt14592-bib-0010">
<citation type="journal" xml:id="apt14592-cit-0010"><author><familyName>Sarrazin</familyName> <givenNames>C</givenNames></author>. <articleTitle>The importance of resistance to direct antiviral drugs in HCV infection in clinical practice</articleTitle>. <journalTitle>J Hepatol</journalTitle>. <pubYear year="2016">2016</pubYear>;<vol>64</vol>:<pageFirst>486</pageFirst>&#x2010;<pageLast>504</pageLast>.</citation>
</bib>
<bib xml:id="apt14592-bib-0011">
<citation type="journal" xml:id="apt14592-cit-0011"><author><familyName>Foster</familyName> <givenNames>GR</givenNames></author>, <author><familyName>Afdhal</familyName> <givenNames>N</givenNames></author>, <author><familyName>Roberts</familyName> <givenNames>SK</givenNames></author>, et&#x00A0;al. <articleTitle>Sofosbuvir and velpatasvir for HCV genotype 2 and 3 infection</articleTitle>. <journalTitle>N Engl J Med</journalTitle>. <pubYear year="2015">2015</pubYear>;<vol>373</vol>:<pageFirst>2608</pageFirst>&#x2010;<pageLast>2617</pageLast>.</citation>
</bib>
<bib xml:id="apt14592-bib-0012">
<citation type="journal" xml:id="apt14592-cit-0012"><author><familyName>Feld</familyName> <givenNames>JJ</givenNames></author>, <author><familyName>Jacobson</familyName> <givenNames>IM</givenNames></author>, <author><familyName>Hezode</familyName> <givenNames>C</givenNames></author>, et&#x00A0;al. <articleTitle>Sofosbuvir and velpatasvir for HCV genotype 1, 2, 4, 5, and 6 infection</articleTitle>. <journalTitle>N Engl J Med</journalTitle>. <pubYear year="2015">2015</pubYear>;<vol>373</vol>:<pageFirst>2599</pageFirst>&#x2010;<pageLast>2607</pageLast>.</citation>
</bib>
<bib xml:id="apt14592-bib-0013">
<citation type="journal" xml:id="apt14592-cit-0013"><author><familyName>Hezode</familyName> <givenNames>C</givenNames></author>, <author><familyName>Reau</familyName> <givenNames>N</givenNames></author>, <author><familyName>Svarovskaia</familyName> <givenNames>ES</givenNames></author>, et&#x00A0;al. <articleTitle>Resistance analysis in patients with genotype 1&#x2010;6 HCV infection treated with sofosbuvir&#x002F;velpatasvir in the phase 3 studies</articleTitle>. <journalTitle>J Hepatol</journalTitle>. <pubYear year="2017">2017</pubYear>; <url href="https://10.1016/j.jhep.2017.11.032">https://10.1016/j.jhep.2017.11.032</url>. [Epub ahead of print].</citation>
</bib>
<bib xml:id="apt14592-bib-0014">
<citation type="other" xml:id="apt14592-cit-0014"><otherTitle>European Medicines Agency: Epclusa &#x2010; EMEA&#x002F;H&#x002F;C&#x002F;004210 &#x2010; II&#x002F;0012 &#x2010; EPAR &#x2010; Product Information</otherTitle>, <pubYear year="2016">2016</pubYear>. <url href="http://www.ema.europa.eu/docs/en_GB/document_library/EPAR_-_Product_Information/human/004210/WC500211151.pdf">http://www.ema.europa.eu/docs/en_GB/document_library/EPAR_-_Product_Information/human/004210/WC500211151.pdf</url>. Nov 2017</citation>
</bib>
<bib xml:id="apt14592-bib-0015">
<citation type="journal" xml:id="apt14592-cit-0015"><author><familyName>Boesecke</familyName> <givenNames>C</givenNames></author>, <author><familyName>Ingiliz</familyName> <givenNames>P</givenNames></author>, <author><familyName>Berger</familyName> <givenNames>F</givenNames></author>, et&#x00A0;al. <articleTitle>Liver cirrhosis as a risk factor for direct&#x2010;acting antiviral therapy failure in real&#x2010;life hepatitis C virus&#x002F;human immunodeficiency virus coinfection</articleTitle>. <journalTitle>Open Forum Infect Dis</journalTitle>. <pubYear year="2017">2017</pubYear>;<vol>4</vol>:<pageFirst>ofx158</pageFirst>.</citation>
</bib>
<bib xml:id="apt14592-bib-0016">
<citation type="journal" xml:id="apt14592-cit-0016"><author><familyName>Ingiliz</familyName> <givenNames>P</givenNames></author>, <author><familyName>Christensen</familyName> <givenNames>S</givenNames></author>, <author><familyName>Kimhofer</familyName> <givenNames>T</givenNames></author>, et&#x00A0;al. <articleTitle>Sofosbuvir and ledipasvir for 8&#x00A0;weeks for the treatment of chronic hepatitis C virus (HCV) infection in HCV&#x2010;monoinfected and HIV&#x2010;HCV&#x2010;coinfected individuals: results from the German hepatitis C cohort (GECCO&#x2010;01)</articleTitle>. <journalTitle>Clin Infect Dis</journalTitle>. <pubYear year="2016">2016</pubYear>;<vol>63</vol>:<pageFirst>1320</pageFirst>&#x2010;<pageLast>1324</pageLast>.</citation>
</bib>
<bib xml:id="apt14592-bib-0017">
<citation type="journal" xml:id="apt14592-cit-0017"><author><familyName>Mauss</familyName> <givenNames>S</givenNames></author>, <author><familyName>Berger</familyName> <givenNames>F</givenNames></author>, <author><familyName>Wehmeyer</familyName> <givenNames>MH</givenNames></author>, et&#x00A0;al. <articleTitle>Effect of antiviral therapy for HCV on lipid levels</articleTitle>. <journalTitle>Antivir Ther</journalTitle>. <pubYear year="2017">2017</pubYear>;<vol>21</vol>:<pageFirst>81</pageFirst>&#x2010;<pageLast>88</pageLast>.</citation>
</bib>
<bib xml:id="apt14592-bib-0018">
<citation type="journal" xml:id="apt14592-cit-0018"><author><familyName>Wehmeyer</familyName> <givenNames>MH</givenNames></author>, <author><familyName>Ingiliz</familyName> <givenNames>P</givenNames></author>, <author><familyName>Christensen</familyName> <givenNames>S</givenNames></author>, et&#x00A0;al. <articleTitle>Real&#x2010;world effectiveness of sofosbuvir&#x2010;based treatment regimens for chronic hepatitis C genotype 3 infection: results from the multicenter German hepatitis C cohort (GECCO&#x2010;03)</articleTitle>. <journalTitle>J Med Virol</journalTitle>. <pubYear year="2018">2018</pubYear>;<vol>90</vol>:<pageFirst>304</pageFirst>&#x2010;<pageLast>312</pageLast>.</citation>
</bib>
<bib xml:id="apt14592-bib-0019">
<citation type="journal" xml:id="apt14592-cit-0019"><author><familyName>Dietz</familyName> <givenNames>J</givenNames></author>, <author><familyName>Susser</familyName> <givenNames>S</givenNames></author>, <author><familyName>Berkowski</familyName> <givenNames>C</givenNames></author>, <author><familyName>Perner</familyName> <givenNames>D</givenNames></author>, <author><familyName>Zeuzem</familyName> <givenNames>S</givenNames></author>, <author><familyName>Sarrazin</familyName> <givenNames>C</givenNames></author>. <articleTitle>Consideration of Viral resistance for optimization of direct antiviral therapy of hepatitis C virus genotype 1&#x2010;infected patients</articleTitle>. <journalTitle>PLoS ONE</journalTitle>. <pubYear year="2015">2015</pubYear>;<vol>10</vol>:<pageFirst>e0134395</pageFirst>.</citation>
</bib>
<bib xml:id="apt14592-bib-0020">
<citation type="journal" xml:id="apt14592-cit-0020"><author><familyName>Lawitz</familyName> <givenNames>EJ</givenNames></author>, <author><familyName>Dvory&#x2010;Sobol</familyName> <givenNames>H</givenNames></author>, <author><familyName>Doehle</familyName> <givenNames>BP</givenNames></author>, et&#x00A0;al. <articleTitle>Clinical resistance to velpatasvir (GS&#x2010;5816), a novel pan&#x2010;genotypic inhibitor of the hepatitis C virus NS5A protein</articleTitle>. <journalTitle>Antimicrob Agents Chemother</journalTitle>. <pubYear year="2016">2016</pubYear>;<vol>60</vol>:<pageFirst>5368</pageFirst>&#x2010;<pageLast>5378</pageLast>.</citation>
</bib>
<bib xml:id="apt14592-bib-0021">
<citation type="journal" xml:id="apt14592-cit-0021"><author><familyName>Feld</familyName> <givenNames>JJ</givenNames></author>, <author><familyName>Maan</familyName> <givenNames>R</givenNames></author>, <author><familyName>Zeuzem</familyName> <givenNames>S</givenNames></author>, et&#x00A0;al. <articleTitle>Effectiveness and safety of sofosbuvir&#x2010;based regimens for chronic HCV genotype 3 infection: results of the HCV&#x2010;TARGET study</articleTitle>. <journalTitle>Clin Infect Dis</journalTitle>. <pubYear year="2016">2016</pubYear>;<vol>63</vol>:<pageFirst>776</pageFirst>&#x2010;<pageLast>783</pageLast>.</citation>
</bib>
<bib xml:id="apt14592-bib-0022">
<citation type="journal" xml:id="apt14592-cit-0022"><author><familyName>Cornberg</familyName> <givenNames>M</givenNames></author>, <author><familyName>Petersen</familyName> <givenNames>J</givenNames></author>, <author><familyName>Schober</familyName> <givenNames>A</givenNames></author>, et&#x00A0;al. <articleTitle>Real&#x2010;world use, effectiveness and safety of anti&#x2010;viral treatment in chronic hepatitis C genotype 3 infection</articleTitle>. <journalTitle>Aliment Pharmacol Ther</journalTitle>. <pubYear year="2017">2017</pubYear>;<vol>45</vol>:<pageFirst>688</pageFirst>&#x2010;<pageLast>700</pageLast>.</citation>
</bib>
<bib xml:id="apt14592-bib-0023">
<citation type="journal" xml:id="apt14592-cit-0023"><author><familyName>Bourliere</familyName> <givenNames>M</givenNames></author>, <author><familyName>Gordon</familyName> <givenNames>SC</givenNames></author>, <author><familyName>Flamm</familyName> <givenNames>SL</givenNames></author>, et&#x00A0;al. <articleTitle>Sofosbuvir, velpatasvir, and voxilaprevir for previously treated HCV infection</articleTitle>. <journalTitle>N Engl J Med</journalTitle>. <pubYear year="2017">2017</pubYear>;<vol>376</vol>:<pageFirst>2134</pageFirst>&#x2010;<pageLast>2146</pageLast>.</citation>
</bib>
<bib xml:id="apt14592-bib-0024">
<citation type="journal" xml:id="apt14592-cit-0024"><groupName>European Association for the Study of the Liver</groupName>. <articleTitle>Electronic address eee. EASL Recommendations on Treatment of Hepatitis C 2016</articleTitle>. <journalTitle>J Hepatol</journalTitle>. <pubYear year="2017">2017</pubYear>;<vol>66</vol>:<pageFirst>153</pageFirst>&#x2010;<pageLast>194</pageLast>.</citation>
</bib>
<bib xml:id="apt14592-bib-0025">
<citation type="journal" xml:id="apt14592-cit-0025"><author><familyName>Gane</familyName> <givenNames>EJ</givenNames></author>, <author><familyName>Shiffman</familyName> <givenNames>ML</givenNames></author>, <author><familyName>Etzkorn</familyName> <givenNames>K</givenNames></author>, et&#x00A0;al. <articleTitle>Sofosbuvir&#x2010;velpatasvir with ribavirin for 24&#x00A0;weeks in hepatitis C virus patients previously treated with a direct&#x2010;acting antiviral regimen</articleTitle>. <journalTitle>Hepatology</journalTitle>. <pubYear year="2017">2017</pubYear>;<vol>66</vol>:<pageFirst>1083</pageFirst>&#x2010;<pageLast>1089</pageLast>.</citation>
</bib>
<bib xml:id="apt14592-bib-0026">
<citation type="journal" xml:id="apt14592-cit-0026"><author><familyName>Curry</familyName> <givenNames>MP</givenNames></author>, <author><familyName>O&#x0027;Leary</familyName> <givenNames>JG</givenNames></author>, <author><familyName>Bzowej</familyName> <givenNames>N</givenNames></author>, et&#x00A0;al. <articleTitle>Sofosbuvir and velpatasvir for HCV in patients with decompensated cirrhosis</articleTitle>. <journalTitle>N Engl J Med</journalTitle>. <pubYear year="2015">2015</pubYear>;<vol>373</vol>:<pageFirst>2618</pageFirst>&#x2010;<pageLast>2628</pageLast>.</citation>
</bib>
<bib xml:id="apt14592-bib-0027">
<citation type="journal" xml:id="apt14592-cit-0027"><author><familyName>Hernandez</familyName> <givenNames>D</givenNames></author>, <author><familyName>Zhou</familyName> <givenNames>N</givenNames></author>, <author><familyName>Ueland</familyName> <givenNames>J</givenNames></author>, <author><familyName>Monikowski</familyName> <givenNames>A</givenNames></author>, <author><familyName>McPhee</familyName> <givenNames>F</givenNames></author>. <articleTitle>Natural prevalence of NS5A polymorphisms in subjects infected with hepatitis C virus genotype 3 and their effects on the antiviral activity of NS5A inhibitors</articleTitle>. <journalTitle>J Clin Virol</journalTitle>. <pubYear year="2013">2013</pubYear>;<vol>57</vol>:<pageFirst>13</pageFirst>&#x2010;<pageLast>18</pageLast>.</citation>
</bib>
<bib xml:id="apt14592-bib-0028">
<citation type="journal" xml:id="apt14592-cit-0028"><author><familyName>Nelson</familyName> <givenNames>DR</givenNames></author>, <author><familyName>Cooper</familyName> <givenNames>JN</givenNames></author>, <author><familyName>Lalezari</familyName> <givenNames>JP</givenNames></author>, et&#x00A0;al. <articleTitle>All&#x2010;oral 12&#x2010;week treatment with daclatasvir plus sofosbuvir in patients with hepatitis C virus genotype 3 infection: ALLY&#x2010;3 phase III study</articleTitle>. <journalTitle>Hepatology</journalTitle>. <pubYear year="2015">2015</pubYear>;<vol>61</vol>:<pageFirst>1127</pageFirst>&#x2010;<pageLast>1135</pageLast>.</citation>
</bib>
<bib xml:id="apt14592-bib-0029">
<citation type="journal" xml:id="apt14592-cit-0029"><groupName>AASLD&#x002F;IDSA HCV Guidance Panel</groupName>. <articleTitle>Hepatitis C guidance: AASLD&#x2010;IDSA recommendations for testing, managing, and treating adults infected with hepatitis C virus</articleTitle>. <journalTitle>Hepatology</journalTitle>. <pubYear year="2015">2015</pubYear>;<vol>62</vol>:<pageFirst>932</pageFirst>&#x2010;<pageLast>954</pageLast>.</citation>
</bib>
<bib xml:id="apt14592-bib-0030">
<citation type="journal" xml:id="apt14592-cit-0030"><author><familyName>Dietz</familyName> <givenNames>J</givenNames></author>, <author><familyName>Susser</familyName> <givenNames>S</givenNames></author>, <author><familyName>Vermehren</familyName> <givenNames>J</givenNames></author>, et&#x00A0;al. <articleTitle>Patterns of resistance&#x2010;associated substitutions in patients with chronic hcv infection following treatment with direct&#x2010;acting antivirals</articleTitle>. <journalTitle>Gastroenterology</journalTitle>. <pubYear year="2017">2017</pubYear>; <url href="https://10.1053/j.gastro.2017.11.007">https://10.1053/j.gastro.2017.11.007</url>. [Epub ahead of print].</citation>
</bib>
<bib xml:id="apt14592-bib-0031">
<citation type="journal" xml:id="apt14592-cit-0031"><author><familyName>Soriano</familyName> <givenNames>V</givenNames></author>, <author><familyName>Labarga</familyName> <givenNames>P</givenNames></author>, <author><familyName>Fernandez&#x2010;Montero</familyName> <givenNames>JV</givenNames></author>, et&#x00A0;al. <articleTitle>Drug interactions in HIV&#x2010;infected patients treated for hepatitis C</articleTitle>. <journalTitle>Expert Opin Drug Metab Toxicol</journalTitle>. <pubYear year="2017">2017</pubYear>;<vol>13</vol>:<pageFirst>807</pageFirst>&#x2010;<pageLast>816</pageLast>.</citation>
</bib>
<bib xml:id="apt14592-bib-0032">
<citation type="journal" xml:id="apt14592-cit-0032"><author><familyName>Mogalian</familyName> <givenNames>E</givenNames></author>, <author><familyName>Daryani</familyName> <givenNames>V</givenNames></author>, <author><familyName>Osinusi</familyName> <givenNames>AO</givenNames></author>, et&#x00A0;al. <articleTitle>Pharmacokinetics of sofosbuvir&#x002F;velpatasvir and tenofovir in subjects with HCV&#x002F;HIV coinfection using boosted or unboosted antiretroviral regimens</articleTitle>. <journalTitle>Hepatology</journalTitle>. <pubYear year="2016">2016</pubYear>;<vol>64</vol>:<pageFirst>419a</pageFirst>&#x2010;<pageLast>420a</pageLast>.</citation>
</bib>
</bibliography>
<appendix xml:id="apt14592-app-0001">
<titleGroup>
<title type="appendixName">Appendix</title>
<title type="main">Authors&#x2019; complete affiliations</title>
</titleGroup>
<section xml:id="apt14592-sec-0021">
<p>Johann von Felden: I. Department of Medicine, University Medical Center Hamburg&#x2010;Eppendorf, Hamburg, Germany and Divisions of Liver Diseases and Tisch Cancer Institute, Icahn School of Medicine at Mount Sinai, New York City, NY, USA. Johannes Vermehren: Department of Internal Medicine 1, University Hospital Frankfurt, Frankfurt, Germany. Patrick Ingiliz and Axel Baumgarten: Center for Infectiology Berlin (CIB), Berlin, Germany. Stefan Mauss: Center for HIV and Hepatogastroenterology, Duesseldorf, Germany. Thomas Lutz: Infektiologikum, Frankfurt, Germany. Karl G. Simon: Practice for Gastroenterology Leverkusen, Leverkusen, Germany. Heiner W. Busch and Stefan Christensen: CIM Infectious diseases, Muenster Germany. Knud Schewe: Infektionsmedizinisches Centrum Hamburg (ICH), Hamburg, Germany. Dietrich Hueppe: Practice for Gastroenterology Herne, Herne, Germany. Christoph Boesecke and Juergen K. Rockstroh: I. Department of Medicine, University Hospital Bonn, Bonn, Germany. Martin Daeumer: Institute of Immunology and Genetics, Kaiserslautern, Germany. Nadine Luebke and Joerg Timm: Institute of Virology, Heinrich&#x2010;Heine&#x2010;University, University Hospital Duesseldorf, Duesseldorf, Germany. Julian Schulze zur Wiesch: I. Department of Medicine, University Medical Center Hamburg&#x2010;Eppendorf and German Center for Infection Research (DZIF), Hamburg, Germany. Christoph Sarrazin: Department of Internal Medicine 1, University Hospital Frankfurt and St. Josef&#x0027;s Hospital, Wiesbaden, Germany</p>
</section>
</appendix>
</body>
</component>
